Key,Timestamp (s),Key_Down_Time,Key_Hold_Time,Key_Up_Time
SHIFT_DOWN,0.0010,0.0100,0.0118,0.0227
O,0.0016,0.1019,0.1946,0.0819
SHIFT_UP,0.0170,0.0104,0.0117,0.0112
g,0.0171,0.0124,0.0994,0.0114
BACKSPACE,0.0305,0.0185,0.0478,0.0092
l,0.0809,0.0105,0.0987,0.0116
d,0.1432,0.1025,0.1539,0.0853
 ,0.6243,0.0836,0.1435,0.0834
SHIFT_DOWN,1.0937,0.0115,0.0086,0.0211
M,1.0903,0.1127,0.1031,0.1150
SHIFT_UP,1.1129,0.0125,0.0103,0.0124
a,1.8594,0.0985,0.1079,0.0865
j,1.8704,0.1164,0.1809,0.1054
o,2.9246,0.1082,0.1401,0.0871
r,3.4804,0.1190,0.0909,0.0817
 ,4.2889,0.1080,0.2003,0.0992
c,4.3200,0.1074,0.1609,0.0798
l,4.4022,0.0914,0.0930,0.0940
e,4.8020,0.1161,0.1771,0.0963
a,5.6794,0.1045,0.1318,0.1103
r,5.6911,0.1149,0.2007,0.1093
e,6.2013,0.1031,0.1405,0.0992
d,6.4041,0.0916,0.1078,0.1106
 ,6.8874,0.0858,0.1101,0.0858
h,7.5110,0.1178,0.1616,0.0882
i,7.6608,0.0831,0.1775,0.1035
s,8.0105,0.0874,0.2008,0.1079
 ,8.4417,0.0942,0.1925,0.1207
t,9.0185,0.1068,0.0945,0.1013
h,9.0247,0.1090,0.1894,0.0846
x,9.0341,0.0099,0.1006,0.0109
BACKSPACE,9.0594,0.0185,0.0505,0.0129
r,9.1135,0.0072,0.0980,0.0109
o,9.9789,0.1101,0.0953,0.1024
a,10.4792,0.0956,0.1882,0.1007
t,11.6451,0.0882,0.1576,0.1066
 ,11.6539,0.1085,0.1227,0.0893
a,12.8020,0.1219,0.0965,0.1147
n,13.2930,0.0985,0.1706,0.1026
d,13.4694,0.1166,0.1126,0.1004
 ,13.5546,0.1047,0.1882,0.0859
n,13.7664,0.0112,0.0978,0.0129
BACKSPACE,13.7783,0.0196,0.0487,0.0097
b,13.8264,0.0100,0.0980,0.0081
e,14.7320,0.1134,0.1146,0.1193
g,14.7416,0.1203,0.1548,0.0937
a,14.7504,0.0863,0.1404,0.0855
n,15.8859,0.0868,0.1186,0.0779
j,16.1940,0.0080,0.1014,0.0118
BACKSPACE,16.2111,0.0194,0.0516,0.0129
 ,16.2589,0.0117,0.1028,0.0127
t,16.9105,0.1134,0.1523,0.0911
o,16.9218,0.1123,0.1515,0.1039
w,16.9337,0.0106,0.0978,0.0118
BACKSPACE,16.9555,0.0205,0.0524,0.0129
 ,17.0083,0.0084,0.1008,0.0108
s,17.7738,0.0926,0.1566,0.0883
i,17.7829,0.1146,0.1004,0.0930
n,18.1369,0.1192,0.1968,0.0930
j,18.6683,0.0111,0.1007,0.0072
BACKSPACE,18.6814,0.0228,0.0515,0.0119
g,18.7318,0.0113,0.0983,0.0102
.,19.8357,0.0959,0.1574,0.0900
y,20.3665,0.0114,0.1017,0.0089
BACKSPACE,20.3819,0.0187,0.0489,0.0123
 ,20.4332,0.0091,0.0977,0.0102
SHIFT_DOWN,20.6382,0.0126,0.0096,0.0204
A,20.6386,0.0838,0.1679,0.0935
SHIFT_UP,20.6585,0.0106,0.0084,0.0099
s,21.3992,0.0971,0.1355,0.1121
 ,21.4083,0.0858,0.1640,0.1098
h,22.2489,0.0821,0.1893,0.0909
e,22.3047,0.1092,0.1057,0.1027
 ,22.5286,0.1000,0.1666,0.0945
h,22.5393,0.1146,0.1930,0.1068
a,22.9138,0.0880,0.1495,0.1102
d,22.9230,0.1131,0.1873,0.0858
 ,23.7704,0.1168,0.1813,0.1088
s,24.7275,0.0831,0.1033,0.0920
a,24.9483,0.0935,0.1365,0.0845
i,25.3425,0.0821,0.1170,0.1057
q,25.6143,0.0075,0.0981,0.0101
BACKSPACE,25.6447,0.0196,0.0513,0.0086
d,25.6917,0.0107,0.0975,0.0112
",",25.7068,0.1140,0.1206,0.1010
 ,26.2518,0.1064,0.1926,0.1053
h,26.3225,0.1101,0.1881,0.0826
i,26.3326,0.1042,0.0899,0.1010
x,26.4853,0.0126,0.1009,0.0128
BACKSPACE,26.5015,0.0219,0.0475,0.0094
s,26.5521,0.0078,0.0974,0.0078
y,26.8194,0.0114,0.1004,0.0070
BACKSPACE,26.8482,0.0171,0.0473,0.0130
 ,26.8993,0.0104,0.1017,0.0115
c,27.6878,0.0070,0.1002,0.0098
BACKSPACE,27.7114,0.0180,0.0477,0.0091
v,27.7647,0.0122,0.1026,0.0103
o,28.1053,0.1159,0.1561,0.1155
i,28.1617,0.0886,0.1557,0.1046
c,28.8029,0.1166,0.1503,0.1085
e,29.7427,0.0874,0.1679,0.1041
 ,30.5365,0.1183,0.1162,0.1077
w,30.5518,0.1140,0.1966,0.0920
a,30.5607,0.0887,0.1275,0.0979
s,31.0255,0.0813,0.1862,0.0924
 ,31.0355,0.0834,0.1355,0.0829
h,31.9909,0.1198,0.1002,0.0936
e,33.2772,0.0099,0.0979,0.0085
BACKSPACE,33.3008,0.0207,0.0486,0.0111
o,33.3529,0.0092,0.0987,0.0092
a,33.8795,0.1197,0.1868,0.0989
r,33.8927,0.1149,0.1253,0.1202
s,34.0894,0.1029,0.1458,0.1032
t,34.2622,0.0073,0.0971,0.0123
BACKSPACE,34.2878,0.0178,0.0520,0.0071
e,34.3338,0.0097,0.0978,0.0085
b,34.6438,0.0105,0.0999,0.0080
BACKSPACE,34.6595,0.0184,0.0529,0.0121
",",34.7105,0.0105,0.1029,0.0094
 ,34.8107,0.1058,0.1712,0.1144
b,34.8640,0.0854,0.1635,0.1123
u,35.1822,0.1101,0.1830,0.0992
o,35.9407,0.0110,0.1029,0.0101
BACKSPACE,35.9609,0.0180,0.0487,0.0097
t,36.0125,0.0106,0.0972,0.0075
 ,36.0257,0.0971,0.1351,0.0982
w,36.2537,0.0091,0.0989,0.0112
BACKSPACE,36.2772,0.0209,0.0489,0.0100
h,36.3246,0.0112,0.1005,0.0076
e,36.3331,0.0810,0.1486,0.0888
e,36.3437,0.0107,0.1003,0.0115
BACKSPACE,36.3570,0.0174,0.0474,0.0075
 ,36.4089,0.0074,0.0972,0.0116
g,36.4181,0.0120,0.1023,0.0090
BACKSPACE,36.4300,0.0227,0.0503,0.0078
s,36.4843,0.0075,0.0981,0.0108
a,36.9004,0.1061,0.1492,0.0903
n,37.4713,0.0891,0.1945,0.1098
g,37.4836,0.0826,0.1138,0.0846
 ,37.4957,0.1132,0.1302,0.0891
a,37.8803,0.0116,0.0993,0.0084
BACKSPACE,37.8982,0.0202,0.0515,0.0091
e,37.9503,0.0072,0.1015,0.0086
l,38.1816,0.0993,0.1676,0.0976
l,38.5873,0.0928,0.1707,0.0990
q,39.4786,0.0103,0.0978,0.0097
BACKSPACE,39.4906,0.0186,0.0501,0.0107
 ,39.5449,0.0079,0.0970,0.0089
e,39.5511,0.1045,0.1509,0.0903
n,39.7771,0.0875,0.1589,0.0976
o,39.7871,0.0882,0.1216,0.1117
u,39.7963,0.0911,0.1247,0.1102
g,39.8054,0.0887,0.1189,0.0906
h,39.9585,0.0895,0.1742,0.1007
u,40.7821,0.0080,0.0974,0.0105
BACKSPACE,40.7987,0.0207,0.0499,0.0078
",",40.8505,0.0072,0.0971,0.0082
o,41.3234,0.0106,0.0987,0.0092
BACKSPACE,41.3404,0.0220,0.0510,0.0089
 ,41.3889,0.0084,0.1006,0.0112
a,41.7931,0.0893,0.1108,0.0939
n,42.2927,0.1017,0.1738,0.0909
d,42.3056,0.0895,0.1835,0.0851
 ,42.4327,0.0914,0.1754,0.1076
i,43.6444,0.1084,0.1334,0.0884
t,43.6582,0.1085,0.1098,0.0992
 ,43.8040,0.0939,0.1086,0.1180
w,44.9062,0.0872,0.1224,0.0880
a,45.2124,0.1149,0.0955,0.0780
s,45.2251,0.1052,0.0981,0.1094
u,45.2355,0.0120,0.0979,0.0111
BACKSPACE,45.2449,0.0202,0.0479,0.0108
 ,45.2958,0.0073,0.0974,0.0126
a,45.8313,0.0856,0.1047,0.1110
 ,46.6572,0.0907,0.1994,0.0852
s,46.6687,0.1136,0.1107,0.0900
t,46.7688,0.0901,0.1743,0.1095
i,46.7818,0.1170,0.1846,0.0857
r,46.9881,0.1081,0.0954,0.0811
r,47.1871,0.0991,0.1392,0.0966
i,47.2471,0.1187,0.1990,0.0809
e,47.6831,0.0128,0.0984,0.0129
BACKSPACE,47.7125,0.0185,0.0496,0.0073
n,47.7623,0.0080,0.0972,0.0120
g,48.1912,0.1080,0.1873,0.0829
g,48.4136,0.0125,0.0972,0.0093
BACKSPACE,48.4381,0.0189,0.0499,0.0076
 ,48.4910,0.0114,0.1027,0.0128
t,48.7070,0.1165,0.1551,0.0951
u,49.4446,0.1129,0.1964,0.1053
n,49.5561,0.0848,0.1213,0.0949
e,49.5657,0.0840,0.1511,0.0837
",",49.8574,0.0930,0.1145,0.0820
c,49.8665,0.0084,0.1003,0.0100
BACKSPACE,49.8957,0.0225,0.0488,0.0114
 ,49.9456,0.0073,0.0986,0.0123
s,49.9578,0.1169,0.1667,0.0927
o,49.9670,0.1007,0.1568,0.0842
m,50.2456,0.0805,0.1185,0.1000
e,50.2545,0.1216,0.0960,0.0896
t,50.3141,0.0928,0.1004,0.0984
r,50.5017,0.0083,0.1027,0.0126
BACKSPACE,50.5216,0.0195,0.0488,0.0108
h,50.5738,0.0117,0.1025,0.0072
i,51.0481,0.0978,0.1831,0.1174
n,51.0631,0.1085,0.1071,0.1095
g,51.0717,0.1027,0.1022,0.1085
 ,51.0814,0.1168,0.1448,0.1039
b,51.3015,0.1010,0.0965,0.0850
t,51.8340,0.1086,0.1439,0.0873
w,51.8670,0.0776,0.1281,0.0921
e,52.0810,0.0880,0.2021,0.0867
e,52.3559,0.0998,0.1381,0.1162
o,52.7400,0.0093,0.1011,0.0119
BACKSPACE,52.7626,0.0172,0.0497,0.0076
n,52.8133,0.0086,0.0978,0.0076
 ,52.8219,0.0962,0.1167,0.0842
',53.6706,0.1118,0.1209,0.1051
SHIFT_DOWN,53.6820,0.0072,0.0087,0.0194
C,53.6800,0.1095,0.1467,0.1039
SHIFT_UP,53.6993,0.0082,0.0077,0.0104
f,53.7983,0.0094,0.1015,0.0129
BACKSPACE,53.8230,0.0186,0.0496,0.0090
l,53.8728,0.0104,0.1014,0.0088
BACKSPACE,53.8809,0.0187,0.0526,0.0120
e,54.1311,0.0853,0.0959,0.0990
m,54.4599,0.1196,0.1788,0.1001
f,54.4717,0.0109,0.0980,0.0087
BACKSPACE,54.4852,0.0180,0.0471,0.0117
e,54.5316,0.0093,0.1024,0.0099
n,54.7134,0.0955,0.1409,0.1067
t,54.7216,0.1051,0.1307,0.1131
j,54.7316,0.0089,0.1014,0.0100
BACKSPACE,54.7426,0.0172,0.0511,0.0078
i,54.7936,0.0077,0.0998,0.0120
y,55.1989,0.0091,0.0999,0.0100
BACKSPACE,55.2229,0.0193,0.0496,0.0123
n,55.2744,0.0103,0.0978,0.0116
e,55.7496,0.1114,0.1509,0.0886
',56.8707,0.1099,0.1907,0.1000
 ,57.4782,0.1173,0.1549,0.1157
a,58.3004,0.0911,0.1700,0.1062
i,58.7370,0.0109,0.0993,0.0091
BACKSPACE,58.7567,0.0207,0.0506,0.0091
n,58.8061,0.0126,0.1028,0.0129
d,58.9710,0.0927,0.1487,0.1064
 ,59.2574,0.0799,0.1298,0.1000
',59.2650,0.1147,0.1073,0.0859
SHIFT_DOWN,60.4959,0.0110,0.0088,0.0230
L,60.4979,0.0901,0.1489,0.0912
SHIFT_UP,60.5189,0.0106,0.0124,0.0130
a,61.0338,0.0884,0.1578,0.0876
 ,61.4869,0.1045,0.1782,0.1147
SHIFT_DOWN,62.1992,0.0102,0.0124,0.0212
C,62.1973,0.1007,0.1156,0.1059
SHIFT_UP,62.2213,0.0104,0.0087,0.0075
u,62.6591,0.1017,0.1206,0.0962
c,62.6726,0.0876,0.1189,0.1114
a,63.5297,0.1100,0.1437,0.0923
r,64.0455,0.1013,0.1069,0.1024
a,64.3443,0.0903,0.1585,0.0844
c,64.6922,0.0927,0.1761,0.1146
h,64.7226,0.0907,0.0889,0.0913
a,64.7293,0.0911,0.1437,0.0790
o,65.4622,0.0106,0.1008,0.0087
BACKSPACE,65.4888,0.0200,0.0524,0.0093
',65.5393,0.0115,0.0987,0.0097
a,65.5505,0.0074,0.1003,0.0108
BACKSPACE,65.5600,0.0180,0.0491,0.0121
.,65.6093,0.0118,0.1029,0.0080
 ,65.6221,0.1080,0.1041,0.1108
SHIFT_DOWN,66.4931,0.0072,0.0127,0.0206
T,66.4897,0.0799,0.1186,0.0926
SHIFT_UP,66.5098,0.0072,0.0079,0.0078
h,66.4994,0.1095,0.1602,0.1043
e,66.5095,0.0952,0.0985,0.0803
 ,67.0253,0.1167,0.0943,0.0902
m,67.3729,0.0091,0.0975,0.0098
BACKSPACE,67.3951,0.0228,0.0479,0.0125
w,67.4457,0.0125,0.1026,0.0126
o,68.2119,0.0973,0.1616,0.0901
r,68.2238,0.1044,0.0959,0.1038
d,69.0657,0.1084,0.0949,0.1052
s,69.1351,0.1080,0.1955,0.1120
b,69.1442,0.0129,0.0988,0.0077
BACKSPACE,69.1551,0.0215,0.0511,0.0074
 ,69.2026,0.0087,0.0975,0.0092
r,69.7339,0.0990,0.1910,0.0949
w,69.7416,0.0097,0.0973,0.0121
BACKSPACE,69.7688,0.0188,0.0484,0.0074
a,69.8213,0.0108,0.1004,0.0097
m,70.4440,0.0098,0.1007,0.0127
BACKSPACE,70.4638,0.0183,0.0527,0.0096
n,70.5145,0.0127,0.0994,0.0098
:,70.8352,0.0988,0.1883,0.0874
 ,71.2259,0.1117,0.1862,0.1007
 ,71.4205,0.0888,0.1239,0.0974
SHIFT_DOWN,71.4316,0.0129,0.0091,0.0215
g,71.4316,0.0114,0.1016,0.0129
BACKSPACE,71.4606,0.0200,0.0493,0.0074
B,71.5133,0.0122,0.1004,0.0098
SHIFT_UP,71.5325,0.0095,0.0072,0.0073
e,72.3734,0.1076,0.1226,0.1012
a,72.4399,0.0954,0.1432,0.1128
s,72.8916,0.1134,0.1367,0.1079
t,73.7027,0.1067,0.1282,0.0981
k,73.7850,0.0076,0.1016,0.0075
BACKSPACE,73.8066,0.0211,0.0519,0.0079
s,73.8570,0.0120,0.0983,0.0073
 ,74.0946,0.0887,0.1032,0.0950
o,74.4632,0.0973,0.1478,0.0837
f,74.7566,0.1152,0.1521,0.0885
 ,74.7657,0.0852,0.1679,0.1165
SHIFT_DOWN,74.7765,0.0084,0.0096,0.0220
t,74.7714,0.0073,0.0981,0.0100
BACKSPACE,74.7834,0.0183,0.0473,0.0088
E,74.8372,0.0071,0.0998,0.0079
SHIFT_UP,74.8574,0.0074,0.0127,0.0130
n,74.9637,0.1047,0.1124,0.1078
g,74.9735,0.1024,0.2003,0.1140
l,74.9861,0.0868,0.1709,0.0828
a,75.4082,0.1026,0.1499,0.1156
n,75.4629,0.1018,0.1404,0.1167
d,75.4707,0.1022,0.1242,0.1095
",",75.8554,0.0878,0.1180,0.0981
 ,75.8639,0.1067,0.1562,0.1032
b,77.1557,0.0926,0.1240,0.0847
e,77.6405,0.1115,0.1124,0.0817
i,78.1486,0.0089,0.1011,0.0110
BACKSPACE,78.1725,0.0185,0.0504,0.0096
a,78.2266,0.0078,0.0993,0.0110
s,78.2333,0.1154,0.1581,0.1117
t,78.2462,0.1046,0.1680,0.1148
s,78.2518,0.0936,0.1618,0.0883
 ,78.8449,0.1146,0.1660,0.1132
o,79.1448,0.0879,0.1744,0.1018
f,79.1549,0.0868,0.0949,0.0922
 ,79.1683,0.1177,0.1606,0.1041
SHIFT_DOWN,79.1731,0.0121,0.0124,0.0183
I,79.1750,0.0821,0.1333,0.1152
SHIFT_UP,79.1940,0.0111,0.0122,0.0120
r,79.1852,0.1168,0.1038,0.0875
h,79.1948,0.0096,0.0996,0.0112
BACKSPACE,79.2108,0.0191,0.0513,0.0128
e,79.2607,0.0090,0.1005,0.0082
r,79.2718,0.0074,0.0975,0.0130
BACKSPACE,79.2791,0.0211,0.0515,0.0097
l,79.3291,0.0128,0.1000,0.0071
i,80.1194,0.0081,0.1005,0.0125
BACKSPACE,80.1418,0.0218,0.0471,0.0110
a,80.1938,0.0071,0.0989,0.0085
n,80.2007,0.0938,0.1387,0.1096
d,80.2106,0.1044,0.1510,0.0835
",",80.2254,0.0996,0.1651,0.0855
 ,80.8406,0.0877,0.1803,0.1158
SHIFT_DOWN,81.1736,0.0100,0.0124,0.0187
B,81.1739,0.1031,0.1813,0.0934
SHIFT_UP,81.1960,0.0090,0.0096,0.0123
e,81.2374,0.0830,0.1384,0.1088
a,81.4019,0.0947,0.1572,0.0923
s,81.4139,0.0906,0.1931,0.0858
t,81.4221,0.0977,0.1000,0.1075
s,81.7121,0.0989,0.1049,0.0856
 ,81.7260,0.0946,0.1888,0.1047
o,82.0615,0.0938,0.1421,0.0950
f,82.0747,0.0898,0.1334,0.0976
 ,82.7741,0.0952,0.1503,0.0978
e,83.5693,0.1074,0.1915,0.1165
v,84.5134,0.1122,0.1375,0.0995
e,85.0773,0.1165,0.1860,0.1122
b,85.2557,0.0095,0.0977,0.0117
BACKSPACE,85.2824,0.0184,0.0509,0.0130
r,85.3271,0.0093,0.0990,0.0084
y,85.5030,0.1016,0.1802,0.1017
 ,85.8517,0.0888,0.0940,0.1023
l,85.8581,0.0978,0.1798,0.0818
a,85.8669,0.1094,0.1449,0.0908
BACKSPACE,85.8769,0.0198,0.0524,0.0114
n,86.5451,0.1116,0.1312,0.1093
b,86.5529,0.0096,0.1018,0.0098
BACKSPACE,86.5745,0.0205,0.0512,0.0101
d,86.6236,0.0109,0.1029,0.0098
 ,86.8638,0.1037,0.1027,0.1076
a,87.0449,0.0998,0.0892,0.1111
n,87.6227,0.0951,0.1071,0.1166
d,88.1013,0.0973,0.1440,0.1161
 ,88.1378,0.1172,0.1686,0.1065
c,88.1486,0.0894,0.1167,0.0834
l,88.1588,0.1174,0.1020,0.0912
i,88.1697,0.0844,0.1790,0.1177
s,88.9842,0.0074,0.1028,0.0115
BACKSPACE,88.9993,0.0200,0.0472,0.0072
m,89.0488,0.0093,0.1001,0.0090
z,89.4637,0.0090,0.1011,0.0114
BACKSPACE,89.4801,0.0174,0.0519,0.0094
e,89.5302,0.0101,0.0975,0.0105
",",90.0680,0.1128,0.1792,0.0903
 ,91.0751,0.0918,0.1145,0.1025
SHIFT_DOWN,91.6501,0.0117,0.0086,0.0209
l,91.6497,0.0125,0.0973,0.0083
BACKSPACE,91.6724,0.0221,0.0513,0.0102
H,91.7222,0.0120,0.1000,0.0126
SHIFT_UP,91.7460,0.0079,0.0078,0.0078
e,91.7328,0.0834,0.0946,0.0960
w,92.4955,0.0122,0.1012,0.0128
BACKSPACE,92.5113,0.0196,0.0518,0.0125
a,92.5634,0.0078,0.1025,0.0106
b,92.8891,0.0080,0.0997,0.0114
BACKSPACE,92.9138,0.0215,0.0498,0.0109
r,92.9655,0.0124,0.1029,0.0076
k,92.9757,0.0877,0.1985,0.1136
n,93.5324,0.0924,0.1872,0.0958
 ,94.0060,0.1165,0.1369,0.1151
t,94.0162,0.0940,0.1397,0.0894
w,94.4618,0.0119,0.1004,0.0092
BACKSPACE,94.4871,0.0193,0.0489,0.0089
o,94.5316,0.0103,0.1018,0.0080
 ,95.0873,0.0807,0.1708,0.1125
m,95.0996,0.0830,0.1330,0.1169
 ,95.5213,0.0799,0.1786,0.1040
j,95.5309,0.1216,0.1658,0.0865
o,96.8844,0.1053,0.1389,0.0950
y,97.2550,0.0836,0.0980,0.1057
f,98.3784,0.1106,0.1561,0.1020
u,98.3881,0.1179,0.1265,0.1156
l,98.9536,0.1169,0.1597,0.1007
n,99.3587,0.0089,0.0999,0.0102
BACKSPACE,99.3722,0.0203,0.0513,0.0092
 ,99.4222,0.0091,0.1017,0.0082
t,100.1671,0.1112,0.1793,0.1046
i,101.2436,0.0894,0.1353,0.0871
d,101.3579,0.1157,0.1521,0.0904
i,101.8245,0.1030,0.1352,0.0810
l,101.9628,0.0103,0.0973,0.0122
BACKSPACE,101.9695,0.0198,0.0523,0.0086
n,102.0211,0.0094,0.0975,0.0096
g,102.0687,0.1190,0.0917,0.0813
s,102.4304,0.0884,0.1371,0.0908
 ,102.9324,0.0845,0.1290,0.0806
SHIFT_DOWN,103.1719,0.0090,0.0125,0.0176
O,103.1706,0.1033,0.1834,0.0987
SHIFT_UP,103.1907,0.0118,0.0078,0.0124
f,103.2544,0.1170,0.1741,0.0943
 ,103.4752,0.0976,0.1639,0.1068
t,103.8404,0.1051,0.1413,0.1191
h,103.8507,0.1178,0.1681,0.0789
e,104.1623,0.1118,0.1569,0.1033
 ,104.5729,0.1022,0.1907,0.1139
g,105.8140,0.0927,0.1449,0.0903
o,106.1720,0.0888,0.1389,0.1008
l,106.9977,0.0954,0.1580,0.1173
j,108.1426,0.0100,0.0998,0.0090
BACKSPACE,108.1646,0.0224,0.0522,0.0095
d,108.2099,0.0116,0.1014,0.0103
e,108.7447,0.1214,0.1338,0.1136
n,108.7540,0.0849,0.1821,0.0922
 ,109.2653,0.0859,0.1424,0.1110
f,109.4716,0.1171,0.1614,0.1028
u,109.4821,0.0829,0.1785,0.1101
t,109.4918,0.1079,0.1513,0.1134
u,110.0989,0.0928,0.1745,0.0863
r,110.2402,0.0889,0.1752,0.1051
e,111.0386,0.1172,0.1963,0.1095
 ,111.3043,0.1190,0.2017,0.0929
t,111.3151,0.0930,0.1700,0.0892
i,112.1353,0.0919,0.1147,0.1074
m,112.5030,0.1110,0.1869,0.0797
e,112.5137,0.1175,0.1931,0.0987
i,112.6105,0.0098,0.0991,0.0087
BACKSPACE,112.6384,0.0217,0.0518,0.0119
.,112.6896,0.0104,0.0992,0.0081
 ,113.6416,0.1029,0.0956,0.0782
 ,114.2583,0.1057,0.0973,0.0957
SHIFT_DOWN,114.2685,0.0102,0.0125,0.0222
S,114.2733,0.0966,0.1344,0.1090
SHIFT_UP,114.2881,0.0122,0.0083,0.0081
o,114.5892,0.0877,0.1466,0.0795
o,114.6002,0.0812,0.1565,0.0910
n,115.1034,0.1086,0.1140,0.1063
 ,115.1095,0.1186,0.1945,0.1090
o,115.1234,0.0938,0.1858,0.1055
r,115.9940,0.1195,0.0919,0.0956
 ,116.0003,0.0902,0.0975,0.0975
l,116.0123,0.1048,0.1461,0.1125
v,116.0186,0.0104,0.0993,0.0086
BACKSPACE,116.0384,0.0208,0.0493,0.0071
a,116.0886,0.0111,0.1030,0.0089
b,116.4321,0.0124,0.1025,0.0093
BACKSPACE,116.4520,0.0175,0.0513,0.0098
t,116.5012,0.0089,0.1026,0.0110
u,116.5105,0.0095,0.1013,0.0126
BACKSPACE,116.5386,0.0211,0.0495,0.0124
e,116.5877,0.0118,0.0982,0.0109
 ,116.5975,0.0815,0.1942,0.1004
r,117.0899,0.0094,0.0983,0.0082
BACKSPACE,117.1071,0.0226,0.0503,0.0113
t,117.1578,0.0091,0.0984,0.0109
h,117.1810,0.0950,0.1622,0.0838
e,117.3624,0.0907,0.1302,0.0833
 ,117.8282,0.0914,0.1909,0.0838
c,117.9004,0.0092,0.1000,0.0079
BACKSPACE,117.9090,0.0220,0.0473,0.0103
d,117.9605,0.0077,0.0973,0.0073
a,117.9677,0.0838,0.1178,0.1002
i,118.2103,0.0075,0.1008,0.0129
BACKSPACE,118.2295,0.0175,0.0520,0.0072
y,118.2809,0.0117,0.0992,0.0085
 ,118.4347,0.1003,0.0914,0.1126
i,118.4403,0.0973,0.1280,0.1145
s,119.1498,0.1055,0.1768,0.1175
BACKSPACE,119.1655,0.0175,0.0508,0.0081
 ,119.4287,0.1127,0.1193,0.1032
c,119.7886,0.0829,0.1600,0.1148
o,121.0175,0.0799,0.1437,0.0815
m,121.0273,0.1080,0.1321,0.0863
i,121.3876,0.1066,0.1116,0.1044
n,122.3645,0.0970,0.1037,0.0869
g,122.3703,0.1060,0.1567,0.1016
",",122.7762,0.0809,0.1332,0.1016
 ,123.5545,0.1012,0.1772,0.1164
SHIFT_DOWN,124.6743,0.0117,0.0088,0.0175
x,124.6738,0.0111,0.0976,0.0091
BACKSPACE,124.6895,0.0190,0.0528,0.0125
T,124.7431,0.0126,0.0987,0.0100
SHIFT_UP,124.7614,0.0112,0.0088,0.0107
y,125.3140,0.0879,0.1872,0.0922
r,125.3273,0.0835,0.1048,0.1040
a,125.3352,0.0919,0.1949,0.1019
n,125.3482,0.0834,0.1913,0.1169
x,125.5901,0.0078,0.1008,0.0084
BACKSPACE,125.6218,0.0200,0.0513,0.0088
t,125.6712,0.0083,0.0996,0.0124
 ,125.6802,0.0966,0.1263,0.0819
SHIFT_DOWN,126.6688,0.0085,0.0115,0.0207
M,126.6713,0.0844,0.1425,0.0855
SHIFT_UP,126.6910,0.0093,0.0121,0.0103
a,127.0767,0.0943,0.1324,0.0817
n,127.0855,0.0940,0.1124,0.1097
 ,127.0957,0.1094,0.1238,0.0962
s,127.1069,0.0983,0.0912,0.1195
h,128.2819,0.0821,0.1212,0.0939
a,128.4115,0.0954,0.1361,0.1044
l,128.5652,0.1144,0.1323,0.0931
l,129.5682,0.1116,0.1140,0.0934
 ,129.9415,0.1012,0.1034,0.1170
b,130.6496,0.0781,0.1393,0.1052
e,130.6609,0.0988,0.1905,0.0813
 ,131.2849,0.1043,0.1906,0.1119
o,131.6510,0.1027,0.1941,0.0853
',131.6621,0.1021,0.0962,0.1174
e,131.7402,0.0831,0.1029,0.0816
s,132.3589,0.0108,0.1024,0.0098
BACKSPACE,132.3719,0.0192,0.0521,0.0075
r,132.4228,0.0115,0.1001,0.0089
t,132.4327,0.0903,0.1774,0.1091
h,132.9902,0.1190,0.0997,0.0975
r,132.9975,0.1088,0.1831,0.1168
o,133.7214,0.0836,0.0957,0.1083
w,133.7286,0.0856,0.1220,0.1145
n,134.1811,0.0875,0.0919,0.0981
",",134.5759,0.1060,0.1126,0.1046
 ,134.5853,0.0938,0.1441,0.1135
SHIFT_DOWN,135.1322,0.0080,0.0119,0.0219
A,135.1278,0.0864,0.1582,0.1084
SHIFT_UP,135.1505,0.0099,0.0123,0.0085
n,135.1432,0.1098,0.1671,0.0838
d,135.8099,0.0885,0.1507,0.1033
 ,135.8210,0.0909,0.1744,0.1007
t,135.8315,0.0803,0.1761,0.1004
h,136.3802,0.0892,0.1067,0.0827
e,136.8258,0.0898,0.1166,0.0850
 ,137.8042,0.1112,0.1113,0.0797
f,138.3484,0.0962,0.0908,0.1154
r,139.0070,0.1203,0.1675,0.1056
u,139.3996,0.0936,0.1063,0.0891
i,139.8267,0.0854,0.1184,0.1030
t,139.8358,0.1137,0.2010,0.0984
f,139.8456,0.1071,0.0990,0.1220
u,139.8568,0.1104,0.1167,0.1185
l,140.2520,0.1064,0.1011,0.1056
 ,140.8721,0.1203,0.1107,0.0938
f,140.8774,0.1084,0.1777,0.1022
m,140.8893,0.0098,0.0973,0.0114
BACKSPACE,140.9080,0.0204,0.0508,0.0085
i,140.9578,0.0109,0.1015,0.0089
r,140.9700,0.0114,0.1027,0.0083
BACKSPACE,140.9966,0.0218,0.0496,0.0119
e,141.0478,0.0080,0.1025,0.0072
l,141.1682,0.0851,0.1403,0.1079
d,141.4571,0.1144,0.1901,0.1183
s,141.7887,0.0955,0.1988,0.1018
g,141.7974,0.0111,0.1027,0.0081
BACKSPACE,141.8169,0.0185,0.0486,0.0105
 ,141.8653,0.0128,0.1011,0.0115
u,142.6328,0.0126,0.0978,0.0116
BACKSPACE,142.6551,0.0205,0.0522,0.0095
o,142.7010,0.0086,0.1015,0.0088
 ,143.1521,0.0905,0.0939,0.0869
SHIFT_DOWN,143.8238,0.0128,0.0117,0.0228
v,143.8268,0.0081,0.0978,0.0089
BACKSPACE,143.8406,0.0226,0.0498,0.0076
E,143.8907,0.0108,0.1004,0.0114
SHIFT_UP,143.9092,0.0096,0.0123,0.0095
n,144.1971,0.0851,0.1309,0.1014
g,144.7107,0.1180,0.1706,0.0933
l,144.7211,0.1107,0.1995,0.1159
a,145.0447,0.1149,0.1604,0.0803
n,145.6897,0.1114,0.1872,0.1041
d,145.9219,0.1178,0.1373,0.1039
 ,145.9364,0.0980,0.0967,0.0814
SHIFT_DOWN,146.5770,0.0125,0.0122,0.0191
S,146.5735,0.0868,0.1846,0.0883
SHIFT_UP,146.5930,0.0100,0.0107,0.0084
h,146.9241,0.1069,0.2005,0.0787
a,146.9309,0.0998,0.1420,0.0958
l,147.2926,0.1123,0.0947,0.1014
l,147.5114,0.0834,0.1351,0.1053
 ,148.1697,0.0852,0.1339,0.0846
b,148.5976,0.0983,0.1421,0.0889
e,149.2889,0.1116,0.1588,0.1069
 ,150.6208,0.1114,0.1383,0.0935
t,151.1761,0.0836,0.1901,0.1032
r,151.6055,0.1174,0.1620,0.0928
o,151.6624,0.1164,0.1019,0.0797
d,151.8619,0.0849,0.1092,0.0863
 ,152.4872,0.0972,0.1081,0.1100
b,153.2058,0.1173,0.2010,0.0871
y,153.3024,0.0968,0.1572,0.1154
 ,153.4736,0.0832,0.1539,0.1059
b,153.4827,0.1104,0.2025,0.1069
e,154.3961,0.0831,0.1404,0.0961
a,154.4084,0.0933,0.1062,0.0991
s,154.8521,0.1023,0.1258,0.1127
n,154.8689,0.0073,0.1004,0.0079
BACKSPACE,154.8901,0.0210,0.0474,0.0128
t,154.9417,0.0129,0.0976,0.0123
a,155.3880,0.0093,0.1012,0.0120
BACKSPACE,155.4134,0.0210,0.0495,0.0104
s,155.4668,0.0090,0.0989,0.0117
 ,155.4767,0.0900,0.1816,0.0843
a,155.4860,0.1188,0.1517,0.0884
l,155.4912,0.1199,0.1649,0.1047
o,155.7268,0.0869,0.1712,0.0989
n,155.9654,0.0935,0.1434,0.1053
e,156.8556,0.1095,0.1516,0.1038
.,156.8656,0.1127,0.1361,0.1017
 ,157.1596,0.0974,0.1446,0.0997
 ,157.5328,0.1062,0.1238,0.0962
SHIFT_DOWN,158.3902,0.0128,0.0128,0.0216
b,158.3896,0.0127,0.0993,0.0110
BACKSPACE,158.4104,0.0196,0.0506,0.0101
R,158.4602,0.0078,0.1017,0.0119
SHIFT_UP,158.4811,0.0125,0.0119,0.0102
g,158.4705,0.0081,0.1014,0.0127
BACKSPACE,158.4958,0.0186,0.0478,0.0096
i,158.5444,0.0103,0.1011,0.0121
x,158.7141,0.0097,0.1023,0.0092
BACKSPACE,158.7361,0.0206,0.0528,0.0070
n,158.7834,0.0082,0.1026,0.0124
g,158.7967,0.0938,0.1450,0.0946
s,158.8959,0.1041,0.1107,0.1056
 ,159.0586,0.1134,0.1718,0.1153
s,159.5787,0.1109,0.1151,0.1173
h,159.5906,0.0944,0.1537,0.1099
a,159.5962,0.0870,0.0930,0.1153
l,160.1055,0.1129,0.1405,0.1140
l,160.5731,0.1092,0.0938,0.0796
 ,160.5808,0.1055,0.1368,0.0953
v,160.5912,0.0957,0.1168,0.0818
a,161.5747,0.0786,0.0913,0.1034
n,161.5872,0.1062,0.1501,0.0901
i,161.9066,0.1188,0.1465,0.1183
s,161.9183,0.0953,0.1163,0.1019
h,161.9284,0.1005,0.1365,0.0902
 ,162.0342,0.0926,0.0909,0.0963
f,162.7367,0.0891,0.1106,0.1055
r,162.7488,0.1132,0.1099,0.1012
o,162.9676,0.0857,0.1850,0.0984
m,163.3106,0.1119,0.1472,0.1067
 ,163.4706,0.0849,0.1045,0.1179
o,163.5158,0.0872,0.0987,0.1041
d,163.9305,0.0107,0.1029,0.0127
BACKSPACE,163.9413,0.0198,0.0478,0.0120
u,163.9909,0.0126,0.0987,0.0094
r,164.0042,0.0856,0.1913,0.1123
 ,164.4196,0.0846,0.1093,0.0957
n,165.1149,0.1011,0.1123,0.0941
g,165.3057,0.0094,0.1025,0.0081
BACKSPACE,165.3276,0.0176,0.0493,0.0090
o,165.3769,0.0070,0.0992,0.0099
s,165.4130,0.0958,0.1810,0.0862
e,166.2066,0.0848,0.1983,0.1003
s,166.3995,0.0955,0.1214,0.1131
",",166.9658,0.0997,0.1968,0.1029
 ,167.5778,0.0965,0.1896,0.0941
SHIFT_DOWN,167.6608,0.0096,0.0077,0.0215
A,167.6593,0.1067,0.1935,0.0875
SHIFT_UP,167.6836,0.0105,0.0078,0.0083
n,167.6687,0.1069,0.1503,0.0828
d,168.2913,0.0893,0.1046,0.0992
d,168.3031,0.0079,0.0978,0.0123
BACKSPACE,168.3252,0.0219,0.0496,0.0100
 ,168.3751,0.0090,0.0973,0.0084
t,168.3862,0.1002,0.1390,0.0893
h,169.4631,0.1043,0.1274,0.0944
e,169.4695,0.0994,0.1677,0.1070
 ,169.5088,0.1076,0.1487,0.0899
h,169.7404,0.1006,0.1622,0.1144
a,170.1106,0.0813,0.1163,0.1068
y,170.6644,0.0129,0.0975,0.0085
BACKSPACE,170.6851,0.0190,0.0484,0.0099
r,170.7342,0.0073,0.1001,0.0106
n,171.1574,0.0791,0.1046,0.1167
e,171.6894,0.0897,0.0938,0.0876
s,171.6992,0.0955,0.1216,0.0926
s,172.2239,0.1021,0.1519,0.1104
 ,172.4596,0.1040,0.0913,0.1162
f,172.7526,0.0926,0.1624,0.0909
r,173.0799,0.0965,0.1225,0.0973
o,173.2380,0.0898,0.1114,0.0994
m,173.2465,0.1166,0.1213,0.0975
t,173.9356,0.0093,0.1000,0.0083
BACKSPACE,173.9569,0.0219,0.0505,0.0114
 ,174.0074,0.0074,0.0986,0.0074
o,174.0188,0.1146,0.1432,0.0974
u,174.3648,0.0939,0.1095,0.1156
r,174.3760,0.1062,0.1749,0.0861
 ,174.3819,0.1052,0.1940,0.0926
s,175.3823,0.0090,0.0976,0.0105
BACKSPACE,175.3999,0.0184,0.0482,0.0074
b,175.4517,0.0095,0.0998,0.0100
a,175.4613,0.1147,0.1203,0.0906
c,175.8854,0.0916,0.1905,0.1172
k,176.0910,0.1006,0.1219,0.0818
",",176.6964,0.1071,0.1934,0.1052
 ,177.3941,0.1101,0.1151,0.0969
SHIFT_DOWN,177.4047,0.0082,0.0099,0.0220
B,177.4004,0.1119,0.1728,0.0805
SHIFT_UP,177.4246,0.0103,0.0126,0.0122
i,177.7806,0.1167,0.1769,0.0877
t,177.9851,0.1119,0.1229,0.1123
 ,178.4197,0.1017,0.1618,0.1000
a,178.4313,0.1091,0.1242,0.1083
n,178.7235,0.0891,0.1492,0.1004
d,178.7351,0.1111,0.1120,0.0917
 ,179.0896,0.1065,0.1158,0.1177
s,179.6310,0.0983,0.1964,0.1107
g,179.6416,0.0094,0.1022,0.0120
BACKSPACE,179.6649,0.0209,0.0489,0.0084
p,179.7127,0.0094,0.0971,0.0101
u,180.0127,0.1175,0.1882,0.1007
r,180.1406,0.1049,0.1696,0.1031
 ,180.1512,0.0935,0.1349,0.0902
s,180.8023,0.0997,0.1759,0.1127
v,181.2982,0.0118,0.0983,0.0126
BACKSPACE,181.3220,0.0193,0.0470,0.0095
h,181.3744,0.0089,0.1018,0.0095
a,181.3839,0.0892,0.1773,0.1054
l,181.3940,0.0824,0.1054,0.1122
l,181.4014,0.1071,0.1295,0.1093
 ,181.8898,0.0827,0.1717,0.1057
u,182.2250,0.0116,0.0982,0.0092
BACKSPACE,182.2435,0.0193,0.0476,0.0114
r,182.2912,0.0070,0.0979,0.0099
p,182.5887,0.0127,0.0992,0.0119
BACKSPACE,182.6088,0.0217,0.0485,0.0127
u,182.6597,0.0125,0.1027,0.0078
s,182.6662,0.0873,0.1447,0.1158
t,183.0134,0.1121,0.1924,0.0932
 ,183.5625,0.1135,0.1424,0.0926
f,184.0904,0.0863,0.1876,0.0870
o,184.9010,0.1050,0.1626,0.1013
r,185.4201,0.1145,0.1220,0.1019
q,186.9570,0.0080,0.1008,0.0102
BACKSPACE,186.9752,0.0207,0.0510,0.0086
e,187.0216,0.0097,0.1005,0.0120
v,187.1752,0.0956,0.1040,0.0851
e,187.3935,0.1162,0.1229,0.1072
h,187.3997,0.0082,0.0991,0.0106
BACKSPACE,187.4233,0.0210,0.0472,0.0097
r,187.4706,0.0119,0.1000,0.0117
",",188.3409,0.0849,0.1962,0.1160
 ,188.3517,0.0880,0.1017,0.0794
SHIFT_DOWN,189.0920,0.0125,0.0088,0.0206
s,189.0940,0.0085,0.1010,0.0090
BACKSPACE,189.1126,0.0179,0.0513,0.0083
C,189.1661,0.0081,0.0993,0.0119
SHIFT_UP,189.1832,0.0129,0.0111,0.0096
r,189.1778,0.1150,0.1962,0.0852
u,190.0020,0.0924,0.0936,0.0820
e,190.2151,0.1019,0.1701,0.1128
x,190.4161,0.0071,0.1027,0.0103
BACKSPACE,190.4299,0.0215,0.0489,0.0106
l,190.4820,0.0093,0.1020,0.0070
 ,190.9163,0.1145,0.0951,0.1094
d,191.1517,0.0124,0.0999,0.0079
BACKSPACE,191.1722,0.0210,0.0484,0.0127
w,191.2219,0.0113,0.0974,0.0129
h,191.2338,0.1031,0.0932,0.0934
i,192.0127,0.1006,0.1093,0.0843
p,192.3181,0.0992,0.1471,0.0803
s,193.0652,0.0880,0.1415,0.0965
 ,193.5673,0.1167,0.1564,0.1060
n,193.5981,0.0944,0.1319,0.1119
o,193.6487,0.0996,0.1571,0.1103
 ,193.7231,0.1067,0.1896,0.0985
m,193.7323,0.0857,0.1593,0.0945
o,193.8509,0.1162,0.1798,0.0863
r,194.6819,0.1105,0.1197,0.1062
e,195.9665,0.0913,0.1217,0.1139
 ,195.9768,0.1100,0.1462,0.1110
s,196.5889,0.0952,0.1596,0.1173
h,197.0591,0.1096,0.1934,0.1008
a,197.0928,0.0919,0.1851,0.1135
l,198.0125,0.0964,0.1282,0.0952
l,198.3286,0.0960,0.1296,0.0922
p,198.3348,0.0124,0.1022,0.0128
BACKSPACE,198.3561,0.0222,0.0528,0.0103
 ,198.4063,0.0092,0.1029,0.0078
c,198.4883,0.1102,0.1580,0.0927
r,198.4965,0.0999,0.1841,0.0893
a,198.8599,0.0896,0.1682,0.1133
c,199.0448,0.1172,0.1560,0.0953
k,199.4497,0.1104,0.1191,0.0938
.,199.5134,0.1087,0.0993,0.1054
 ,199.9442,0.0965,0.1126,0.1041
 ,199.9576,0.0870,0.1226,0.0850
SHIFT_DOWN,200.4306,0.0114,0.0102,0.0178
s,200.4286,0.0110,0.1001,0.0118
BACKSPACE,200.4490,0.0190,0.0474,0.0109
R,200.4971,0.0097,0.1004,0.0118
SHIFT_UP,200.5219,0.0081,0.0073,0.0102
s,201.3579,0.0092,0.0973,0.0124
BACKSPACE,201.3798,0.0208,0.0525,0.0086
i,201.4295,0.0073,0.0999,0.0122
c,201.8395,0.1178,0.1018,0.0851
h,202.9903,0.0939,0.0965,0.0900
e,203.5117,0.1012,0.1081,0.0841
r,204.0618,0.0092,0.1001,0.0077
BACKSPACE,204.0780,0.0173,0.0511,0.0083
s,204.1323,0.0080,0.0996,0.0117
 ,204.1427,0.0799,0.1396,0.0902
m,204.1469,0.0880,0.1849,0.1111
o,204.1569,0.1040,0.1914,0.1155
r,204.6155,0.0868,0.1420,0.1190
e,204.6724,0.0869,0.1825,0.1004
 ,204.6777,0.0998,0.1672,0.0814
t,204.9038,0.0827,0.1528,0.1046
h,204.9151,0.1112,0.1942,0.1168
a,204.9225,0.0881,0.1894,0.0822
n,204.9363,0.0870,0.1455,0.1113
 ,205.2306,0.0973,0.1770,0.0942
m,205.3168,0.0946,0.1580,0.1204
i,205.8552,0.1085,0.1563,0.0828
n,205.8644,0.0811,0.1360,0.1168
d,206.1143,0.0844,0.1749,0.1049
 ,207.0649,0.0949,0.1337,0.1043
v,207.2804,0.0124,0.1026,0.0108
BACKSPACE,207.2951,0.0210,0.0523,0.0095
c,207.3460,0.0120,0.1013,0.0102
a,207.3554,0.0964,0.1674,0.1205
n,208.4746,0.0920,0.1036,0.0845
 ,208.4865,0.0843,0.1743,0.0825
g,209.6812,0.0096,0.1005,0.0091
BACKSPACE,209.7026,0.0230,0.0515,0.0112
p,209.7514,0.0127,0.1030,0.0080
i,210.9043,0.0979,0.1675,0.1145
j,210.9136,0.0096,0.0995,0.0094
BACKSPACE,210.9416,0.0223,0.0480,0.0129
c,210.9906,0.0081,0.0973,0.0080
m,211.3252,0.0117,0.1015,0.0076
BACKSPACE,211.3541,0.0221,0.0490,0.0107
t,211.4033,0.0084,0.1025,0.0118
u,212.7076,0.1166,0.1983,0.0812
r,212.7223,0.0794,0.1037,0.1122
e,213.6843,0.1134,0.1052,0.1132
v,213.6908,0.0094,0.1005,0.0109
BACKSPACE,213.7035,0.0215,0.0470,0.0079
",",213.7508,0.0092,0.1007,0.0116
 ,213.9428,0.1071,0.1261,0.0883
SHIFT_DOWN,213.9516,0.0085,0.0088,0.0177
W,213.9511,0.0917,0.1322,0.1135
SHIFT_UP,213.9751,0.0092,0.0111,0.0109
h,214.5490,0.0940,0.1318,0.0970
e,215.9964,0.0972,0.1840,0.1196
a,216.9892,0.1157,0.0906,0.1152
u,216.9972,0.0114,0.1010,0.0120
BACKSPACE,217.0055,0.0209,0.0481,0.0078
t,217.0570,0.0094,0.0978,0.0097
 ,217.5488,0.0951,0.1380,0.0868
BACKSPACE,217.5608,0.0201,0.0478,0.0111
a,217.5597,0.1160,0.0956,0.1025
n,217.5735,0.1066,0.1065,0.0878
d,218.2196,0.0905,0.1297,0.0878
 ,218.4565,0.1112,0.1238,0.0951
p,218.5672,0.0128,0.1001,0.0085
BACKSPACE,218.5947,0.0214,0.0494,0.0093
b,218.6395,0.0074,0.1017,0.0103
a,219.6981,0.1168,0.1391,0.1201
r,219.9438,0.0911,0.1041,0.0995
l,220.4686,0.0860,0.0911,0.0919
e,221.2198,0.1152,0.1963,0.0898
y,221.2272,0.0806,0.1444,0.0949
",",221.5239,0.0815,0.1245,0.1097
 ,222.0685,0.1198,0.1347,0.1040
o,223.3306,0.1164,0.1244,0.0980
d,223.6175,0.0105,0.0995,0.0121
BACKSPACE,223.6371,0.0205,0.0475,0.0096
a,223.6911,0.0101,0.0989,0.0129
t,224.0146,0.0969,0.1441,0.0808
s,224.1557,0.1016,0.0919,0.0875
 ,224.6704,0.0931,0.1636,0.0966
z,225.2504,0.0113,0.1022,0.0112
BACKSPACE,225.2763,0.0215,0.0503,0.0107
a,225.3271,0.0117,0.0994,0.0074
n,225.8414,0.1134,0.1510,0.1167
d,225.9759,0.0865,0.1817,0.0902
 ,225.9851,0.0790,0.1309,0.1066
h,226.3375,0.1161,0.1157,0.1038
a,226.3457,0.0807,0.1909,0.1038
y,226.3596,0.0910,0.1319,0.0805
",",226.4723,0.0927,0.1516,0.0830
 ,227.2957,0.0884,0.1766,0.0983
SHIFT_DOWN,227.7100,0.0089,0.0128,0.0174
C,227.7108,0.1154,0.0961,0.1033
SHIFT_UP,227.7334,0.0121,0.0118,0.0124
l,227.8264,0.1051,0.1627,0.0798
o,228.2745,0.1122,0.1492,0.0804
v,228.7442,0.1133,0.1227,0.0984
e,228.8006,0.0845,0.1503,0.1081
r,228.8110,0.1132,0.1428,0.1022
",",229.3884,0.1176,0.1632,0.1126
 ,230.0141,0.1162,0.1628,0.0828
b,230.4893,0.0982,0.1225,0.0973
e,230.8764,0.0927,0.1875,0.0830
h,231.0397,0.0070,0.1001,0.0079
BACKSPACE,231.0608,0.0201,0.0471,0.0112
a,231.1108,0.0129,0.1015,0.0120
n,231.2298,0.0847,0.1711,0.0949
t,231.7560,0.0115,0.0981,0.0129
BACKSPACE,231.7847,0.0228,0.0478,0.0084
s,231.8366,0.0088,0.1022,0.0120
",",231.8455,0.0796,0.1520,0.0990
 ,231.8545,0.1141,0.1220,0.1106
a,232.3272,0.0830,0.1539,0.0906
n,232.3996,0.0796,0.1144,0.0956
d,233.1780,0.1196,0.1157,0.1138
 ,234.2390,0.0909,0.1063,0.0991
m,234.9670,0.1190,0.1265,0.1078
a,235.9446,0.0824,0.1348,0.1163
n,235.9924,0.1030,0.2016,0.1064
g,236.0704,0.0952,0.1224,0.0867
e,236.3649,0.1159,0.1597,0.0858
l,236.4481,0.0850,0.1340,0.0960
m,236.6767,0.0123,0.1017,0.0110
BACKSPACE,236.6983,0.0186,0.0523,0.0107
-,236.7500,0.0107,0.0985,0.0112
w,236.7622,0.1053,0.0986,0.0784
u,236.9991,0.0834,0.0968,0.0822
r,237.0131,0.0851,0.1036,0.0802
z,237.3536,0.1060,0.1211,0.1038
e,238.1085,0.1171,0.1808,0.0895
l,238.1212,0.1057,0.1934,0.0932
s,238.3744,0.0863,0.1933,0.1036
 ,238.7515,0.1023,0.0938,0.0973
SHIFT_DOWN,238.7598,0.0101,0.0121,0.0201
S,238.7563,0.1050,0.0933,0.0863
SHIFT_UP,238.7787,0.0091,0.0120,0.0087
h,238.7714,0.0938,0.2014,0.1113
a,239.0998,0.1058,0.1252,0.0926
l,239.1143,0.0925,0.1475,0.1097
l,239.1244,0.1028,0.1933,0.1027
 ,239.1345,0.0879,0.1257,0.1158
b,239.4395,0.1152,0.1461,0.1074
e,240.8017,0.1002,0.1775,0.1193
 ,240.8183,0.0994,0.1111,0.1149
o,240.8279,0.0890,0.1825,0.0797
u,241.6120,0.1158,0.0963,0.1142
u,242.3991,0.0084,0.1024,0.0094
BACKSPACE,242.4248,0.0204,0.0518,0.0124
r,242.4702,0.0119,0.0995,0.0101
s,242.5561,0.1058,0.1270,0.0818
 ,242.5635,0.0809,0.1314,0.0934
u,242.6628,0.0976,0.1335,0.0995
h,242.9242,0.0127,0.0991,0.0078
BACKSPACE,242.9516,0.0219,0.0476,0.0091
p,243.0007,0.0118,0.1009,0.0130
o,243.1215,0.1123,0.1499,0.0840
n,243.3963,0.0831,0.1871,0.0810
 ,243.4014,0.1030,0.0961,0.1120
t,243.4159,0.1196,0.1879,0.1050
h,244.4351,0.0917,0.1587,0.0905
a,245.1533,0.0972,0.1843,0.1057
t,245.1645,0.0985,0.1043,0.0976
 ,245.1741,0.0781,0.1635,0.1190
d,245.1833,0.0831,0.1120,0.1066
a,245.6806,0.1142,0.1371,0.0811
y,245.6910,0.1034,0.1609,0.0897
.,246.0109,0.0969,0.1832,0.0997
 ,246.1270,0.0906,0.1078,0.1117
v,246.3957,0.0091,0.1002,0.0101
BACKSPACE,246.4168,0.0224,0.0483,0.0081
 ,246.4662,0.0093,0.1014,0.0119
SHIFT_DOWN,246.4782,0.0123,0.0089,0.0196
B,246.4783,0.1044,0.1211,0.1163
SHIFT_UP,246.4978,0.0103,0.0071,0.0078
r,246.9097,0.1145,0.0972,0.1127
i,246.9567,0.1121,0.0930,0.0986
g,246.9669,0.1055,0.1641,0.1112
h,248.1347,0.1040,0.1382,0.1226
t,248.6266,0.1027,0.1220,0.1038
 ,248.9104,0.0984,0.1589,0.1023
w,249.9546,0.0889,0.1038,0.0901
i,249.9659,0.1049,0.0997,0.1189
BACKSPACE,249.9725,0.0172,0.0505,0.0073
l,250.7705,0.1148,0.1854,0.1076
l,251.5707,0.0858,0.1153,0.0905
 ,251.8309,0.1160,0.1456,0.1034
s,251.8429,0.1025,0.0973,0.0920
f,252.5185,0.0129,0.0987,0.0111
BACKSPACE,252.5336,0.0198,0.0490,0.0077
h,252.5804,0.0083,0.1028,0.0087
i,252.7725,0.0970,0.1702,0.1097
n,252.7847,0.1095,0.1648,0.0838
e,253.0735,0.0944,0.1384,0.1014
d,253.1976,0.0081,0.0990,0.0113
BACKSPACE,253.2227,0.0211,0.0483,0.0128
 ,253.2711,0.0070,0.0992,0.0118
t,253.5897,0.0882,0.1359,0.1103
h,253.9788,0.1020,0.1056,0.1171
BACKSPACE,253.9874,0.0177,0.0496,0.0107
e,254.4431,0.0842,0.1074,0.0853
 ,254.6622,0.1164,0.1795,0.0823
f,255.1346,0.1143,0.1812,0.1113
i,255.1436,0.1182,0.1878,0.1141
e,255.1573,0.0849,0.1238,0.1189
BACKSPACE,255.1643,0.0214,0.0492,0.0096
r,255.9925,0.0129,0.1015,0.0092
BACKSPACE,256.0101,0.0228,0.0497,0.0098
l,256.0622,0.0126,0.0993,0.0108
d,256.7408,0.0846,0.1112,0.0965
c,257.2863,0.0087,0.0998,0.0106
BACKSPACE,257.3126,0.0202,0.0478,0.0109
s,257.3638,0.0073,0.1021,0.0083
g,257.6639,0.0107,0.1022,0.0116
BACKSPACE,257.6926,0.0206,0.0527,0.0120
 ,257.7425,0.0081,0.1022,0.0071
o,257.9240,0.1121,0.1788,0.0986
k,258.1407,0.0101,0.0979,0.0095
BACKSPACE,258.1478,0.0195,0.0513,0.0080
f,258.1996,0.0088,0.1024,0.0086
 ,258.9605,0.1142,0.0933,0.0999
SHIFT_DOWN,259.7492,0.0084,0.0111,0.0218
E,259.7466,0.1157,0.0985,0.1154
SHIFT_UP,259.7684,0.0083,0.0113,0.0073
n,260.0923,0.0835,0.1579,0.1014
g,260.3767,0.1076,0.1788,0.0963
l,260.6175,0.1144,0.1973,0.1107
a,260.6256,0.0989,0.1940,0.1014
n,261.0033,0.0809,0.1242,0.0850
k,261.6099,0.0112,0.0979,0.0078
BACKSPACE,261.6217,0.0217,0.0518,0.0087
d,261.6714,0.0091,0.1008,0.0104
z,261.6972,0.0081,0.1019,0.0075
BACKSPACE,261.7182,0.0189,0.0496,0.0081
",",261.7663,0.0104,0.0996,0.0112
 ,261.8526,0.1072,0.1096,0.1054
SHIFT_DOWN,262.0300,0.0129,0.0129,0.0205
z,262.0303,0.0116,0.0981,0.0078
BACKSPACE,262.0573,0.0192,0.0498,0.0073
P,262.1073,0.0108,0.1005,0.0076
SHIFT_UP,262.1264,0.0092,0.0075,0.0115
u,262.8856,0.0893,0.0924,0.0784
r,263.4426,0.0808,0.1100,0.1022
z,263.4561,0.0090,0.1006,0.0087
BACKSPACE,263.4808,0.0190,0.0514,0.0113
e,263.5294,0.0081,0.1030,0.0098
a,263.5799,0.0126,0.0997,0.0093
BACKSPACE,263.6021,0.0196,0.0498,0.0108
r,263.6542,0.0111,0.1001,0.0104
 ,263.7400,0.0807,0.1916,0.0876
s,264.8889,0.0900,0.1597,0.1176
h,265.2111,0.0909,0.1557,0.0848
a,265.2171,0.0893,0.1356,0.1043
l,265.2264,0.1085,0.1715,0.1089
l,266.0469,0.1167,0.1852,0.0830
 ,266.0515,0.0906,0.1371,0.0796
t,267.0433,0.1094,0.1225,0.1167
s,267.4436,0.0915,0.1717,0.1017
BACKSPACE,267.4510,0.0185,0.0509,0.0099
 ,267.4570,0.0958,0.1855,0.0805
w,268.0724,0.0964,0.1702,0.0995
a,268.0846,0.0955,0.1234,0.1191
t,268.3053,0.0915,0.1518,0.0866
e,268.5354,0.1183,0.1790,0.0835
u,268.5435,0.0077,0.1002,0.0116
BACKSPACE,268.5682,0.0182,0.0525,0.0086
r,268.6174,0.0073,0.1021,0.0095
s,269.4278,0.1024,0.1745,0.0822
 ,269.8222,0.0918,0.0947,0.0996
b,269.9152,0.1132,0.1122,0.0872
e,270.2641,0.1117,0.1929,0.1170
",",270.2739,0.1070,0.1439,0.1021
 ,270.4348,0.0968,0.1499,0.0838
SHIFT_DOWN,270.6020,0.0116,0.0077,0.0229
S,270.6017,0.1182,0.1038,0.1027
SHIFT_UP,270.6224,0.0110,0.0089,0.0100
w,270.6154,0.0923,0.1818,0.1004
e,270.8074,0.0845,0.1761,0.1131
e,270.8142,0.0856,0.1870,0.1162
t,271.2265,0.0936,0.1355,0.0854
e,271.2389,0.1103,0.1312,0.1018
r,271.2439,0.0994,0.0992,0.0838
b,271.3249,0.0104,0.0975,0.0082
BACKSPACE,271.3509,0.0188,0.0473,0.0099
 ,271.4010,0.0091,0.1026,0.0113
y,272.3687,0.1024,0.1873,0.0801
t,272.8512,0.0129,0.1003,0.0082
BACKSPACE,272.8762,0.0225,0.0515,0.0130
e,272.9258,0.0114,0.1015,0.0112
t,272.9373,0.0864,0.1392,0.0857
 ,273.0398,0.0948,0.1536,0.1015
s,273.3799,0.1017,0.1205,0.0879
h,273.3897,0.1144,0.1940,0.1061
a,273.9667,0.1057,0.1654,0.1061
l,274.3232,0.0830,0.1712,0.1011
l,275.0203,0.0890,0.1852,0.0945
 ,275.3437,0.1052,0.1370,0.0871
b,276.0480,0.0781,0.0989,0.1016
l,276.7662,0.0868,0.1963,0.1127
a,277.7481,0.0123,0.0975,0.0081
BACKSPACE,277.7735,0.0184,0.0475,0.0108
o,277.8257,0.0100,0.0979,0.0079
w,278.1838,0.0997,0.1982,0.0997
 ,278.6552,0.1089,0.1310,0.0920
i,279.0776,0.1086,0.1745,0.1196
t,279.3963,0.1188,0.1232,0.0816
s,279.4011,0.1158,0.1380,0.1055
 ,279.8217,0.1062,0.1278,0.0968
b,280.2096,0.0974,0.1387,0.0850
r,280.2206,0.1173,0.1046,0.0979
e,280.2290,0.0835,0.1963,0.0960
e,280.2397,0.1166,0.0955,0.0954
z,280.3949,0.1185,0.1917,0.0891
e,280.4786,0.0938,0.1739,0.0945
s,281.3624,0.1044,0.1732,0.1186
 ,281.3753,0.0836,0.1217,0.1161
SHIFT_DOWN,281.6588,0.0107,0.0130,0.0208
O,281.6594,0.0892,0.1402,0.1093
SHIFT_UP,281.6826,0.0100,0.0112,0.0079
n,281.7893,0.0968,0.0976,0.1051
 ,282.4611,0.1007,0.1631,0.1101
t,282.4713,0.0781,0.1254,0.0878
h,283.0950,0.0855,0.1318,0.1072
e,283.5291,0.0950,0.1752,0.1020
 ,284.1137,0.1082,0.1363,0.1150
d,284.1271,0.0924,0.1594,0.0896
a,284.1552,0.1181,0.1141,0.0945
z,284.1630,0.0094,0.0982,0.0120
BACKSPACE,284.1744,0.0177,0.0497,0.0095
y,284.2223,0.0076,0.1018,0.0121
 ,284.6830,0.1102,0.1722,0.0877
t,285.5876,0.1151,0.1874,0.0913
h,286.8289,0.1005,0.1546,0.1104
a,287.1305,0.0963,0.1598,0.1106
t,287.4529,0.1000,0.1486,0.1149
 ,287.7511,0.1007,0.1130,0.0827
s,287.7574,0.1107,0.1902,0.1147
e,287.7652,0.0958,0.1942,0.1021
t,287.7833,0.1190,0.1770,0.0885
s,287.7922,0.0925,0.1412,0.0907
 ,287.8070,0.1165,0.1045,0.0985
u,287.9349,0.1072,0.1181,0.0925
s,288.6919,0.1057,0.1398,0.0963
 ,288.7051,0.0948,0.1073,0.0973
f,289.1260,0.1022,0.1434,0.0936
r,289.6181,0.1137,0.1396,0.0946
e,290.2528,0.1143,0.1174,0.1025
e,290.9474,0.0868,0.1892,0.0874
.,290.9528,0.1143,0.1719,0.0906
f,291.1817,0.0080,0.0983,0.0112
BACKSPACE,291.2056,0.0199,0.0494,0.0102
 ,291.2553,0.0088,0.1027,0.0105
 ,291.7989,0.1040,0.1699,0.0928
SHIFT_DOWN,292.2403,0.0110,0.0077,0.0183
u,292.2404,0.0070,0.1019,0.0090
BACKSPACE,292.2562,0.0193,0.0496,0.0128
F,292.3112,0.0089,0.0979,0.0120
SHIFT_UP,292.3285,0.0075,0.0107,0.0077
o,292.3569,0.0855,0.1063,0.1010
r,293.9027,0.1193,0.1972,0.0832
 ,294.4682,0.0949,0.0956,0.1184
y,294.4766,0.0100,0.0991,0.0103
BACKSPACE,294.5009,0.0206,0.0493,0.0070
t,294.5500,0.0087,0.1015,0.0110
h,294.8670,0.0825,0.1691,0.0949
l,294.9735,0.0114,0.0993,0.0124
BACKSPACE,295.0036,0.0194,0.0501,0.0099
a,295.0561,0.0101,0.1021,0.0074
t,295.4741,0.1096,0.1663,0.0997
 ,295.9021,0.1176,0.0998,0.0813
d,296.2458,0.0866,0.1186,0.0881
t,296.2870,0.0125,0.0971,0.0077
BACKSPACE,296.3071,0.0183,0.0518,0.0085
a,296.3559,0.0129,0.0986,0.0097
y,296.6489,0.0886,0.1602,0.1054
 ,297.0540,0.0827,0.1670,0.0971
w,297.0621,0.0917,0.1070,0.0924
e,297.5736,0.0971,0.1327,0.1074
 ,297.5821,0.1194,0.1678,0.0818
a,298.4080,0.1182,0.1228,0.0825
l,299.2585,0.1055,0.1477,0.0967
l,299.4615,0.0853,0.1785,0.1228
 ,300.9448,0.1216,0.1354,0.1212
z,301.4703,0.0106,0.1014,0.0077
BACKSPACE,301.4873,0.0214,0.0511,0.0101
m,301.5353,0.0091,0.1028,0.0091
u,301.5543,0.1169,0.0952,0.1178
s,302.1715,0.0892,0.1604,0.0945
t,302.5738,0.0876,0.1862,0.0861
 ,302.5862,0.0928,0.1366,0.0955
l,303.1015,0.1151,0.1401,0.0806
a,303.1766,0.0915,0.1705,0.0915
b,303.1843,0.1128,0.1598,0.0921
o,303.1966,0.1183,0.1142,0.0908
u,303.2075,0.1065,0.1208,0.0961
r,303.3652,0.1059,0.1121,0.1184
",",303.9440,0.0815,0.1281,0.1008
 ,303.9622,0.1107,0.1486,0.0803
BACKSPACE,303.9728,0.0209,0.0513,0.0125
SHIFT_DOWN,304.1119,0.0118,0.0092,0.0224
T,304.1115,0.0924,0.1372,0.0934
SHIFT_UP,304.1322,0.0117,0.0119,0.0096
e,304.3430,0.0096,0.0997,0.0082
BACKSPACE,304.3745,0.0225,0.0484,0.0126
h,304.4239,0.0094,0.0988,0.0122
o,305.0832,0.1222,0.1620,0.0882
u,305.5168,0.0969,0.1890,0.1186
g,305.5676,0.1079,0.1205,0.0936
h,305.6760,0.1139,0.1282,0.1134
 ,306.1397,0.1097,0.1213,0.1036
w,306.4702,0.0918,0.1360,0.0808
e,307.3421,0.1166,0.1053,0.0852
 ,307.9366,0.0998,0.1075,0.0915
d,308.5810,0.0813,0.2011,0.0849
i,308.5949,0.1053,0.1674,0.0874
e,308.8516,0.1064,0.1302,0.0969
 ,309.3804,0.1013,0.1535,0.1138
b,309.4652,0.1030,0.1819,0.0890
e,309.4768,0.1003,0.1770,0.0850
BACKSPACE,309.4860,0.0193,0.0515,0.0072
f,310.3760,0.1030,0.1882,0.0937
o,310.4718,0.1128,0.1009,0.1141
r,310.7185,0.1109,0.1303,0.1026
e,311.1885,0.0943,0.1220,0.1181
 ,311.2904,0.1116,0.1742,0.1108
i,312.3036,0.0790,0.1396,0.1168
t,312.8570,0.0992,0.1820,0.1102
 ,312.9438,0.1151,0.2005,0.0937
w,314.5922,0.0073,0.0989,0.0074
BACKSPACE,314.6207,0.0196,0.0517,0.0086
b,314.6738,0.0078,0.0998,0.0071
r,315.0663,0.1046,0.1440,0.1162
e,315.0999,0.1132,0.1944,0.1197
a,315.6438,0.1139,0.1684,0.1037
k,315.6546,0.1150,0.1952,0.0823
;,315.7944,0.0841,0.1952,0.1099
 ,316.0065,0.0955,0.1341,0.0865
SHIFT_DOWN,316.2172,0.0093,0.0074,0.0220
o,316.2196,0.0077,0.0971,0.0118
BACKSPACE,316.2402,0.0179,0.0518,0.0073
C,316.2916,0.0104,0.1005,0.0086
SHIFT_UP,316.3091,0.0108,0.0128,0.0107
o,316.3327,0.0975,0.1067,0.0863
w,316.3428,0.0839,0.1953,0.1141
s,316.5430,0.1209,0.1438,0.1052
 ,316.9329,0.0938,0.1466,0.1005
a,318.1706,0.1137,0.1470,0.1034
n,318.3217,0.0974,0.1093,0.0953
d,318.6923,0.0881,0.1443,0.1137
a,318.7047,0.0091,0.1006,0.0123
BACKSPACE,318.7222,0.0192,0.0483,0.0079
 ,318.7736,0.0086,0.1025,0.0090
h,319.1861,0.0790,0.1063,0.1172
o,319.1915,0.0981,0.1571,0.1080
r,319.2953,0.1194,0.1839,0.0827
s,320.1041,0.1057,0.1000,0.0909
g,320.8926,0.0071,0.0982,0.0101
BACKSPACE,320.9218,0.0193,0.0477,0.0110
e,320.9722,0.0105,0.1016,0.0124
s,321.2776,0.1027,0.1966,0.0867
h,321.2841,0.0111,0.1011,0.0130
BACKSPACE,321.3009,0.0177,0.0503,0.0114
",",321.3503,0.0085,0.1002,0.0121
 ,321.4687,0.1015,0.1648,0.1119
q,322.0075,0.0112,0.1011,0.0108
BACKSPACE,322.0349,0.0170,0.0485,0.0079
g,322.0834,0.0088,0.1012,0.0103
e,322.0956,0.0868,0.1322,0.0899
e,322.1527,0.1057,0.1667,0.1089
s,322.1573,0.0902,0.1143,0.0832
e,322.1705,0.0836,0.1008,0.0929
 ,323.4852,0.1097,0.1293,0.1176
q,323.8248,0.0086,0.0994,0.0089
BACKSPACE,323.8510,0.0219,0.0517,0.0087
a,323.9000,0.0109,0.0974,0.0079
n,324.3940,0.1136,0.0938,0.0817
d,324.9825,0.0914,0.0948,0.0861
 ,324.9931,0.1011,0.1612,0.0794
t,325.3789,0.0847,0.0923,0.0873
x,326.3406,0.0096,0.1014,0.0076
BACKSPACE,326.3512,0.0186,0.0505,0.0089
u,326.4024,0.0118,0.1001,0.0112
r,326.7166,0.1054,0.1705,0.1187
k,326.7280,0.0925,0.1291,0.0924
h,326.9907,0.0125,0.0988,0.0100
BACKSPACE,327.0229,0.0192,0.0527,0.0073
e,327.0732,0.0071,0.1021,0.0120
y,327.0822,0.1195,0.1663,0.0878
s,327.1728,0.0811,0.1742,0.0977
",",327.1943,0.0871,0.1310,0.1015
 ,327.2037,0.0936,0.1962,0.1171
SHIFT_DOWN,327.8354,0.0079,0.0097,0.0180
A,327.8336,0.0810,0.1049,0.0829
SHIFT_UP,327.8538,0.0113,0.0099,0.0073
l,328.6112,0.1083,0.1710,0.1094
l,329.0404,0.1067,0.1695,0.1049
 ,329.0544,0.0820,0.1724,0.1099
m,329.7988,0.0850,0.1821,0.1081
u,330.5523,0.1040,0.1056,0.1113
s,330.5607,0.0942,0.1580,0.0933
l,330.8704,0.0114,0.1017,0.0104
BACKSPACE,330.8842,0.0194,0.0501,0.0116
t,330.9342,0.0075,0.1018,0.0092
 ,331.1844,0.1173,0.1034,0.0946
c,331.1967,0.0125,0.0972,0.0125
BACKSPACE,331.2126,0.0204,0.0524,0.0078
t,331.2645,0.0098,0.0971,0.0112
o,332.3932,0.0978,0.1416,0.1017
i,332.4001,0.0807,0.1884,0.1163
l,333.6759,0.0781,0.0947,0.0917
 ,334.3990,0.0969,0.1590,0.1173
f,334.4218,0.1114,0.1313,0.1146
o,335.4148,0.1001,0.1788,0.1054
r,336.3686,0.0891,0.0973,0.0940
 ,336.5709,0.0815,0.1316,0.1172
f,336.5818,0.0983,0.1416,0.0947
r,336.5951,0.0862,0.1768,0.1111
e,336.9983,0.1129,0.1149,0.1173
d,337.5585,0.0087,0.0971,0.0093
BACKSPACE,337.5690,0.0193,0.0522,0.0077
e,337.6228,0.0130,0.0992,0.0100
d,337.9122,0.1150,0.1771,0.1091
o,338.0546,0.1214,0.1689,0.1025
m,338.7645,0.1048,0.1538,0.1118
',339.4841,0.0991,0.1686,0.0910
s,340.0677,0.1189,0.1100,0.0868
w,340.0778,0.0123,0.1003,0.0115
BACKSPACE,340.0886,0.0198,0.0526,0.0074
 ,340.1404,0.0122,0.0975,0.0126
s,340.1489,0.1032,0.1401,0.0883
a,341.4781,0.0811,0.1181,0.0872
k,341.4914,0.1048,0.1493,0.0798
e,341.5032,0.1020,0.1213,0.1187
.,342.2795,0.0992,0.1478,0.1188
 ,342.2903,0.1063,0.1435,0.1140
 ,342.5144,0.1115,0.1283,0.1048
SHIFT_DOWN,342.8478,0.0081,0.0113,0.0210
B,342.8488,0.1130,0.1589,0.1066
SHIFT_UP,342.8665,0.0093,0.0120,0.0125
e,343.6017,0.1011,0.1522,0.0924
a,343.6689,0.1092,0.1531,0.0908
s,343.6843,0.1151,0.1494,0.0929
t,344.7076,0.0858,0.1016,0.0974
s,345.2910,0.1180,0.1967,0.0815
 ,345.2966,0.1094,0.1775,0.0843
o,345.6722,0.0868,0.1259,0.1146
f,345.6843,0.0822,0.0936,0.0855
 ,345.6919,0.0919,0.1525,0.0965
SHIFT_DOWN,345.9843,0.0124,0.0091,0.0217
E,345.9799,0.1039,0.1489,0.1154
SHIFT_UP,346.0021,0.0104,0.0086,0.0124
n,346.9254,0.1166,0.1586,0.1068
g,346.9494,0.1015,0.1901,0.0922
a,347.3247,0.1139,0.1639,0.0923
n,347.5686,0.1062,0.1521,0.1069
d,348.0008,0.0920,0.1163,0.0850
q,348.0103,0.0118,0.1008,0.0126
BACKSPACE,348.0235,0.0194,0.0513,0.0096
",",348.0722,0.0120,0.0985,0.0115
e,348.5396,0.0103,0.0983,0.0094
BACKSPACE,348.5507,0.0180,0.0492,0.0093
 ,348.6012,0.0076,0.0982,0.0102
b,348.6137,0.1039,0.0963,0.1170
r,348.9034,0.0109,0.0995,0.0118
BACKSPACE,348.9291,0.0210,0.0473,0.0078
e,348.9818,0.0124,0.1021,0.0107
a,348.9879,0.1057,0.1305,0.1109
s,349.4970,0.0828,0.1227,0.1128
t,349.9505,0.0990,0.1315,0.1074
s,350.5338,0.0959,0.1844,0.1131
z,350.5427,0.0116,0.1027,0.0096
BACKSPACE,350.5614,0.0184,0.0523,0.0089
 ,350.6110,0.0074,0.1006,0.0107
o,351.3292,0.0866,0.1502,0.0916
f,351.3407,0.0981,0.0970,0.0878
 ,351.3506,0.1079,0.1944,0.0961
SHIFT_DOWN,351.5749,0.0122,0.0121,0.0211
n,351.5784,0.0114,0.0976,0.0092
BACKSPACE,351.5991,0.0191,0.0475,0.0109
I,351.6499,0.0081,0.0986,0.0071
SHIFT_UP,351.6731,0.0124,0.0098,0.0128
r,351.6584,0.1180,0.1776,0.1116
e,352.0628,0.0859,0.1047,0.1189
l,352.3871,0.0936,0.1571,0.1005
a,352.5155,0.0885,0.1779,0.1111
n,353.0463,0.0857,0.1721,0.0944
d,353.0602,0.1004,0.1807,0.1131
",",353.1784,0.0938,0.1084,0.1021
 ,353.1840,0.0957,0.1593,0.1045
SHIFT_DOWN,353.3477,0.0123,0.0097,0.0217
B,353.3432,0.1108,0.1245,0.1186
SHIFT_UP,353.3632,0.0099,0.0126,0.0098
e,353.3569,0.1080,0.1956,0.0970
a,353.3637,0.0915,0.1781,0.0843
s,353.3734,0.1150,0.1340,0.1038
o,353.3829,0.0109,0.1012,0.0107
BACKSPACE,353.4150,0.0211,0.0501,0.0121
t,353.4658,0.0072,0.0990,0.0097
s,353.4747,0.1010,0.1362,0.1029
 ,353.9835,0.0935,0.1652,0.0888
o,354.2428,0.1031,0.1025,0.0918
f,354.2555,0.1097,0.1382,0.1057
 ,354.9013,0.0911,0.1080,0.0924
e,355.2160,0.1201,0.0923,0.1155
v,355.5674,0.0850,0.1331,0.0847
e,356.1921,0.1138,0.1842,0.0879
r,356.2981,0.0900,0.1038,0.1159
y,356.3069,0.0963,0.1883,0.1069
 ,356.4881,0.0814,0.1692,0.0793
l,356.4946,0.0880,0.1374,0.1003
a,357.1745,0.1138,0.1232,0.1069
n,357.1854,0.1160,0.1137,0.0948
d,357.5976,0.0960,0.1451,0.1153
 ,358.5913,0.0836,0.1297,0.0902
a,358.6029,0.1081,0.1810,0.0975
n,359.0844,0.1113,0.1629,0.1063
d,359.4948,0.0905,0.0919,0.1082
 ,359.5009,0.0961,0.1952,0.0954
c,359.5092,0.1088,0.1302,0.1142
l,360.3671,0.0829,0.1588,0.0963
i,360.8385,0.1074,0.1613,0.1032
m,361.2773,0.1062,0.0949,0.0898
t,362.1988,0.0093,0.0987,0.0106
BACKSPACE,362.2087,0.0182,0.0512,0.0081
e,362.2584,0.0081,0.1006,0.0103
",",362.6735,0.0937,0.1685,0.1128
 ,362.9091,0.1144,0.1710,0.1034
SHIFT_DOWN,363.2351,0.0073,0.0090,0.0200
u,363.2319,0.0106,0.0977,0.0102
BACKSPACE,363.2614,0.0208,0.0492,0.0100
H,363.3097,0.0115,0.0979,0.0094
SHIFT_UP,363.3339,0.0082,0.0111,0.0120
e,363.6216,0.1006,0.1737,0.1131
a,364.8170,0.1157,0.0965,0.1080
b,365.0802,0.0101,0.0995,0.0121
BACKSPACE,365.1070,0.0228,0.0480,0.0127
r,365.1551,0.0089,0.1010,0.0072
k,366.0041,0.0843,0.1499,0.0993
e,367.0348,0.0982,0.1197,0.1007
n,367.4290,0.0912,0.1910,0.0972
 ,367.4409,0.0945,0.1740,0.1099
w,367.4497,0.1163,0.1636,0.0936
e,367.4602,0.1182,0.1717,0.0849
l,367.4688,0.0983,0.0937,0.0841
b,367.6952,0.0099,0.0980,0.0099
BACKSPACE,367.7151,0.0179,0.0521,0.0105
l,367.7647,0.0120,0.1016,0.0123
 ,368.2095,0.1009,0.1765,0.0916
a,369.3872,0.0884,0.1242,0.1052
n,369.3957,0.1048,0.1355,0.0872
d,369.4062,0.0876,0.1398,0.1148
a,369.4157,0.0124,0.0985,0.0103
BACKSPACE,369.4336,0.0191,0.0488,0.0127
 ,369.4828,0.0079,0.0987,0.0106
s,370.0493,0.1071,0.1255,0.0877
p,370.4612,0.1132,0.1347,0.0996
t,371.0011,0.0114,0.1024,0.0076
BACKSPACE,371.0229,0.0206,0.0513,0.0072
r,371.0716,0.0125,0.0976,0.0071
e,371.0850,0.0904,0.1703,0.0987
x,371.0943,0.0115,0.1025,0.0120
BACKSPACE,371.1099,0.0220,0.0476,0.0113
a,371.1610,0.0089,0.0986,0.0108
d,371.1742,0.1156,0.0958,0.1050
 ,371.1819,0.1152,0.1436,0.0898
m,371.1886,0.1089,0.1155,0.0895
y,371.3106,0.1204,0.1234,0.0966
 ,372.1022,0.1030,0.1834,0.1225
t,372.3333,0.1121,0.1073,0.1163
i,372.3976,0.1082,0.1378,0.0925
d,372.4077,0.0922,0.1276,0.1168
i,372.4134,0.0879,0.0984,0.0826
c,373.0434,0.0073,0.0989,0.0093
BACKSPACE,373.0647,0.0222,0.0505,0.0089
n,373.1127,0.0107,0.0994,0.0080
g,373.5523,0.0859,0.1227,0.1159
s,373.6240,0.0953,0.1423,0.1081
 ,373.9490,0.0938,0.1085,0.1065
SHIFT_DOWN,374.0629,0.0078,0.0087,0.0219
O,374.0632,0.1094,0.1979,0.0896
SHIFT_UP,374.0814,0.0078,0.0107,0.0130
f,374.6171,0.1043,0.1559,0.1204
 ,375.3477,0.0807,0.1132,0.1131
t,375.3576,0.1160,0.1520,0.0928
c,375.8363,0.0102,0.0982,0.0122
BACKSPACE,375.8532,0.0224,0.0477,0.0091
h,375.9043,0.0123,0.1020,0.0124
e,375.9148,0.1056,0.1560,0.0897
 ,375.9264,0.1055,0.1375,0.0829
g,376.1321,0.1028,0.0987,0.0935
o,376.1385,0.1039,0.1003,0.0865
l,376.1501,0.1060,0.1251,0.1157
d,376.6838,0.1111,0.1249,0.1179
e,376.9111,0.0959,0.1032,0.1172
n,376.9209,0.0935,0.1384,0.0898
 ,376.9339,0.1084,0.1475,0.1049
f,377.7912,0.0844,0.1007,0.0830
u,377.7988,0.0946,0.1843,0.1014
t,378.1147,0.1013,0.1845,0.1142
u,378.8483,0.1184,0.1411,0.1167
r,379.2245,0.0880,0.1648,0.1073
e,379.2334,0.0887,0.1880,0.0837
 ,379.4741,0.0870,0.1066,0.1069
t,379.4865,0.0904,0.0982,0.1150
i,379.5429,0.0961,0.1806,0.0887
m,380.5066,0.1197,0.1929,0.1141
e,380.7907,0.1142,0.1810,0.0868
BACKSPACE,380.8015,0.0189,0.0472,0.0120
.,382.1562,0.0919,0.1656,0.0876
 ,383.0429,0.1119,0.1329,0.1082
 ,383.7904,0.0916,0.1865,0.1029
 ,384.0388,0.1185,0.1467,0.0967
SHIFT_DOWN,384.0482,0.0096,0.0120,0.0203
b,384.0453,0.0104,0.1017,0.0072
BACKSPACE,384.0689,0.0217,0.0506,0.0080
T,384.1184,0.0114,0.1002,0.0108
SHIFT_UP,384.1401,0.0079,0.0080,0.0081
h,384.3692,0.0869,0.1347,0.1196
e,384.3745,0.1211,0.1099,0.1006
w,384.8004,0.0114,0.1015,0.0091
BACKSPACE,384.8187,0.0200,0.0514,0.0107
 ,384.8678,0.0083,0.0989,0.0091
h,385.3861,0.0114,0.1027,0.0079
BACKSPACE,385.4115,0.0188,0.0476,0.0112
s,385.4617,0.0099,0.0986,0.0109
i,385.4703,0.0828,0.1132,0.1025
n,385.4785,0.0967,0.1014,0.0880
d,386.1902,0.0073,0.1019,0.0084
BACKSPACE,386.2113,0.0206,0.0489,0.0124
g,386.2632,0.0072,0.0996,0.0112
f,386.3776,0.0089,0.1008,0.0085
BACKSPACE,386.3917,0.0213,0.0524,0.0090
i,386.4399,0.0122,0.0997,0.0071
n,386.4496,0.1091,0.1663,0.1053
g,386.5110,0.1185,0.1795,0.1187
 ,386.5808,0.0940,0.1255,0.1003
o,386.5947,0.0964,0.1811,0.0908
f,387.0542,0.0863,0.1911,0.1099
b,387.9548,0.0090,0.1022,0.0125
BACKSPACE,387.9684,0.0210,0.0474,0.0093
 ,388.0131,0.0117,0.0994,0.0092
t,388.0265,0.0990,0.1167,0.0875
h,388.4973,0.0805,0.0997,0.0973
i,388.5089,0.1058,0.1126,0.1162
s,388.8832,0.1151,0.1874,0.1178
 ,389.3033,0.0841,0.1031,0.1032
s,390.0399,0.0872,0.1956,0.1121
o,390.6199,0.0989,0.1171,0.1147
n,390.9026,0.0863,0.1566,0.0918
g,390.9284,0.0991,0.1982,0.0891
o,391.2032,0.0074,0.1010,0.0088
BACKSPACE,391.2141,0.0218,0.0470,0.0073
 ,391.2644,0.0071,0.0977,0.0122
t,391.3027,0.0951,0.1347,0.1081
h,391.8215,0.1182,0.1691,0.1113
r,392.8057,0.1196,0.1794,0.1044
e,393.2460,0.1013,0.1220,0.0788
w,393.6721,0.0991,0.1047,0.0999
 ,393.6801,0.1029,0.1088,0.0919
y,393.6937,0.0090,0.0981,0.0127
BACKSPACE,393.7176,0.0177,0.0475,0.0079
t,393.7670,0.0093,0.0983,0.0123
h,394.6479,0.0830,0.1146,0.1002
u,394.7449,0.0085,0.1017,0.0111
BACKSPACE,394.7542,0.0178,0.0525,0.0113
e,394.8046,0.0088,0.0986,0.0111
 ,395.0011,0.0938,0.1076,0.1010
a,395.0117,0.1128,0.1692,0.1132
n,395.2812,0.1052,0.1882,0.1067
i,395.4594,0.0832,0.1104,0.0931
m,395.6232,0.1075,0.1637,0.1067
a,396.2810,0.1116,0.1974,0.1099
i,396.2893,0.0084,0.0991,0.0081
BACKSPACE,396.3137,0.0219,0.0523,0.0092
l,396.3625,0.0121,0.0991,0.0125
s,396.9985,0.0864,0.1369,0.1101
 ,397.0700,0.1155,0.1449,0.0969
i,397.0814,0.0821,0.0977,0.1118
n,397.0910,0.1071,0.1945,0.1057
t,397.4129,0.1029,0.1231,0.0937
o,397.4223,0.1197,0.1571,0.0804
 ,398.2518,0.1140,0.1322,0.0978
t,398.2616,0.0799,0.1623,0.1050
h,398.2708,0.1146,0.1749,0.0971
e,399.1659,0.1152,0.1388,0.1206
b,399.9382,0.0119,0.1000,0.0114
BACKSPACE,399.9543,0.0212,0.0511,0.0129
 ,400.0044,0.0091,0.1014,0.0073
w,400.0102,0.1119,0.1481,0.1080
i,400.2585,0.0933,0.1250,0.0927
l,400.6696,0.1166,0.0996,0.1051
d,401.5905,0.0869,0.1307,0.0806
c,402.5474,0.0086,0.0982,0.0105
BACKSPACE,402.5632,0.0197,0.0479,0.0110
e,402.6123,0.0117,0.1010,0.0104
u,403.6272,0.0101,0.1006,0.0102
BACKSPACE,403.6508,0.0186,0.0528,0.0097
s,403.7027,0.0102,0.1011,0.0108
t,403.7126,0.0827,0.1800,0.0867
c,403.7937,0.0126,0.1009,0.0107
BACKSPACE,403.8216,0.0204,0.0508,0.0091
 ,403.8707,0.0121,0.0974,0.0095
e,404.1668,0.1206,0.1853,0.0818
x,404.2870,0.1006,0.1404,0.0979
z,404.4449,0.0108,0.0991,0.0109
BACKSPACE,404.4647,0.0187,0.0492,0.0120
c,404.5121,0.0111,0.0987,0.0105
i,404.5224,0.0867,0.1799,0.0822
t,405.0245,0.0931,0.0958,0.0862
e,405.6611,0.1183,0.1561,0.0809
m,406.0953,0.1074,0.1884,0.1216
e,406.1884,0.0907,0.1882,0.1149
j,406.4924,0.0128,0.0973,0.0100
BACKSPACE,406.5007,0.0175,0.0510,0.0078
t,406.5557,0.0130,0.0972,0.0076
.,406.5615,0.0910,0.1953,0.0897
x,407.0527,0.0091,0.1012,0.0128
BACKSPACE,407.0766,0.0176,0.0515,0.0128
 ,407.1250,0.0126,0.0976,0.0099
SHIFT_DOWN,407.4311,0.0073,0.0106,0.0206
A,407.4329,0.1106,0.1687,0.0972
SHIFT_UP,407.4505,0.0085,0.0079,0.0120
l,407.4409,0.0808,0.1586,0.0999
m,407.4523,0.1057,0.1828,0.1147
o,407.4627,0.0864,0.1393,0.0804
s,407.8983,0.1029,0.1631,0.0806
t,408.1486,0.0973,0.1831,0.1085
 ,408.1621,0.0879,0.1910,0.0886
l,408.2776,0.0091,0.1016,0.0079
BACKSPACE,408.2963,0.0224,0.0518,0.0127
b,408.3434,0.0117,0.1013,0.0114
e,408.7004,0.0888,0.1571,0.1118
f,408.7060,0.1064,0.1629,0.0904
x,408.7209,0.0107,0.0988,0.0130
BACKSPACE,408.7312,0.0218,0.0522,0.0074
o,408.7782,0.0076,0.0977,0.0126
b,408.9854,0.0124,0.0979,0.0115
BACKSPACE,409.0039,0.0210,0.0506,0.0080
r,409.0544,0.0105,0.1029,0.0106
e,409.2616,0.0909,0.1582,0.0850
 ,409.6118,0.1159,0.0877,0.0999
SHIFT_DOWN,410.0382,0.0080,0.0091,0.0182
M,410.0360,0.1072,0.1496,0.0787
SHIFT_UP,410.0567,0.0093,0.0101,0.0083
a,410.0463,0.1052,0.0969,0.1140
j,410.0769,0.0876,0.1110,0.0806
o,410.0864,0.1148,0.1043,0.0832
c,410.8201,0.0110,0.0986,0.0122
BACKSPACE,410.8363,0.0215,0.0509,0.0078
r,410.8859,0.0083,0.0989,0.0091
 ,410.8983,0.1190,0.1658,0.0846
h,410.9067,0.0882,0.1731,0.1024
a,411.5600,0.0904,0.1281,0.0941
d,411.6487,0.1024,0.1460,0.1127
 ,412.0220,0.0837,0.1391,0.0943
r,412.5810,0.1125,0.1868,0.0953
n,412.5930,0.0110,0.0977,0.0102
BACKSPACE,412.6049,0.0225,0.0483,0.0110
e,412.6541,0.0105,0.1006,0.0114
a,413.2176,0.1108,0.1918,0.1094
c,413.5703,0.0993,0.1983,0.1208
h,413.5752,0.1074,0.0961,0.1178
j,414.3003,0.0082,0.0998,0.0088
BACKSPACE,414.3177,0.0202,0.0472,0.0090
e,414.3699,0.0101,0.0972,0.0102
d,414.9996,0.1025,0.1143,0.1101
 ,415.0104,0.0857,0.1736,0.0847
t,415.0800,0.1029,0.1218,0.0930
h,415.4645,0.0927,0.1250,0.0942
e,415.7466,0.1139,0.1052,0.1075
c,415.7613,0.0094,0.0974,0.0095
BACKSPACE,415.7832,0.0189,0.0519,0.0074
 ,415.8326,0.0123,0.0993,0.0097
e,416.4170,0.0964,0.1691,0.1074
n,417.3528,0.1043,0.1038,0.1060
",",417.3753,0.1011,0.1331,0.0964
g,417.6036,0.0115,0.0992,0.0089
BACKSPACE,417.6279,0.0196,0.0492,0.0075
 ,417.6771,0.0128,0.1021,0.0088
t,418.2931,0.0910,0.1424,0.1158
h,419.1350,0.1115,0.1028,0.0986
c,419.1442,0.0077,0.0971,0.0118
BACKSPACE,419.1677,0.0185,0.0515,0.0101
e,419.2221,0.0083,0.1017,0.0088
y,419.2311,0.1158,0.1810,0.0821
 ,419.9541,0.0956,0.1223,0.1172
h,420.0207,0.1034,0.1703,0.0907
a,420.5954,0.1047,0.1221,0.1174
d,421.5635,0.1173,0.0966,0.0818
 ,422.0122,0.0782,0.1379,0.1175
b,422.6101,0.0879,0.1937,0.1176
e,423.4764,0.1098,0.1624,0.1025
g,423.4914,0.0952,0.1923,0.1105
u,423.9576,0.0910,0.1834,0.0864
r,424.8067,0.0092,0.1017,0.0112
BACKSPACE,424.8186,0.0190,0.0523,0.0127
n,424.8699,0.0127,0.1002,0.0075
 ,425.3219,0.0931,0.1059,0.1062
s,426.4338,0.1126,0.1384,0.1064
i,426.4424,0.0813,0.1630,0.1086
n,426.4533,0.1132,0.0994,0.0839
g,426.4627,0.0936,0.1707,0.1111
i,426.4736,0.0825,0.1740,0.0884
n,426.9605,0.0823,0.1876,0.0955
g,427.6550,0.0891,0.1051,0.0924
 ,427.6621,0.1070,0.1374,0.1197
i,427.6724,0.0961,0.0894,0.1188
t,427.6824,0.0929,0.0930,0.1041
 ,427.6956,0.0775,0.1463,0.1030
f,428.9999,0.0824,0.1672,0.1121
o,429.0054,0.0804,0.1570,0.1077
r,429.0185,0.1083,0.1112,0.1050
 ,429.2151,0.0957,0.1009,0.0809
t,429.2263,0.0999,0.1402,0.0838
h,429.2362,0.1104,0.1319,0.0875
e,429.2466,0.1083,0.1802,0.1197
m,429.9373,0.0890,0.1305,0.0955
s,430.2923,0.1029,0.1084,0.1115
e,430.7655,0.1092,0.1285,0.0966
l,431.4274,0.1055,0.1546,0.1123
v,431.4373,0.0954,0.1958,0.1064
q,432.5629,0.0125,0.0996,0.0082
BACKSPACE,432.5766,0.0198,0.0475,0.0099
e,432.6265,0.0076,0.0989,0.0121
s,433.0773,0.1136,0.1465,0.0945
.,433.0885,0.0940,0.1862,0.1132
 ,433.7476,0.0856,0.1270,0.1160
SHIFT_DOWN,433.9645,0.0110,0.0090,0.0206
E,433.9674,0.1187,0.1670,0.0873
SHIFT_UP,433.9871,0.0105,0.0121,0.0114
v,434.5586,0.1067,0.1053,0.1070
e,434.5675,0.1152,0.1374,0.0867
n,434.5783,0.1161,0.1771,0.0847
 ,434.7122,0.0887,0.1820,0.1154
t,435.4064,0.0906,0.1759,0.1014
h,435.6490,0.0834,0.1322,0.0998
e,435.6984,0.1060,0.1550,0.0947
x,435.7076,0.0122,0.1009,0.0077
BACKSPACE,435.7208,0.0226,0.0529,0.0102
 ,435.7702,0.0117,0.1015,0.0118
s,435.7804,0.0802,0.1983,0.1101
t,435.7894,0.0894,0.1361,0.1136
u,436.2909,0.1092,0.1741,0.0848
e,436.7139,0.0079,0.0994,0.0128
BACKSPACE,436.7428,0.0219,0.0489,0.0088
p,436.7936,0.0113,0.0995,0.0086
i,436.9746,0.0932,0.1195,0.0946
d,437.2565,0.1189,0.1832,0.0953
e,437.7601,0.0965,0.1300,0.1023
s,438.4142,0.0932,0.1169,0.1175
t,438.6032,0.1126,0.1423,0.0812
v,439.0979,0.0083,0.0983,0.0102
BACKSPACE,439.1263,0.0176,0.0483,0.0093
 ,439.1724,0.0085,0.1026,0.0090
o,439.4365,0.0851,0.0934,0.1049
f,439.5911,0.1145,0.1851,0.0933
 ,440.2581,0.0938,0.1984,0.0889
t,441.1605,0.1137,0.1961,0.1135
h,441.4409,0.1073,0.1614,0.1095
e,441.4734,0.1085,0.1481,0.0847
m,441.4843,0.1067,0.1109,0.0936
 ,442.5207,0.1075,0.0954,0.0853
h,443.1472,0.1173,0.1854,0.1033
a,443.6583,0.1011,0.0924,0.1070
j,444.3841,0.0077,0.0985,0.0122
BACKSPACE,444.4145,0.0182,0.0506,0.0112
d,444.4634,0.0078,0.1025,0.0108
 ,444.4757,0.0998,0.1887,0.1158
a,444.4831,0.1115,0.1383,0.0981
l,445.0149,0.0950,0.1132,0.1220
r,445.5403,0.1110,0.1745,0.1057
e,445.9485,0.1013,0.0966,0.1063
t,446.5789,0.0086,0.1002,0.0104
BACKSPACE,446.6081,0.0208,0.0515,0.0128
a,446.6599,0.0113,0.0982,0.0108
d,447.0624,0.0863,0.1118,0.0952
y,447.3546,0.1057,0.1286,0.0848
 ,447.4835,0.1099,0.1320,0.0890
p,447.7243,0.0942,0.1463,0.1030
i,448.0322,0.1147,0.1740,0.1135
c,448.5956,0.0844,0.1050,0.1034
l,448.6042,0.0087,0.0982,0.0072
BACKSPACE,448.6250,0.0217,0.0487,0.0130
k,448.6774,0.0125,0.0990,0.0110
e,448.9181,0.0887,0.1355,0.1032
d,448.9591,0.0988,0.1335,0.0931
h,449.2101,0.0125,0.1020,0.0077
BACKSPACE,449.2234,0.0200,0.0513,0.0101
 ,449.2749,0.0101,0.0992,0.0116
u,449.8122,0.1139,0.1182,0.0877
p,449.8209,0.0839,0.1091,0.0834
 ,450.4224,0.1177,0.0927,0.1055
t,451.1959,0.1096,0.1357,0.1065
s,451.2041,0.0125,0.1014,0.0128
BACKSPACE,451.2170,0.0218,0.0503,0.0108
h,451.2725,0.0107,0.1006,0.0090
e,452.5161,0.0817,0.1935,0.0868
v,452.9583,0.0108,0.0982,0.0083
BACKSPACE,452.9815,0.0217,0.0514,0.0117
 ,453.0336,0.0119,0.0985,0.0110
t,453.0490,0.0792,0.1131,0.0906
u,453.9871,0.0908,0.1774,0.0970
n,454.0207,0.0969,0.1132,0.1021
e,454.0286,0.1111,0.1321,0.0931
 ,454.1335,0.1013,0.1000,0.0857
a,454.8222,0.0777,0.1734,0.1158
n,455.2968,0.0813,0.0961,0.0873
d,456.5274,0.0901,0.1476,0.0801
 ,457.3220,0.1001,0.1555,0.0807
a,458.0233,0.1121,0.1502,0.1071
 ,458.3632,0.1107,0.1317,0.1105
f,458.5202,0.0890,0.1013,0.0849
e,458.9944,0.1113,0.1867,0.0988
w,459.0046,0.0849,0.1492,0.0967
 ,459.0157,0.0993,0.1636,0.1046
o,459.0223,0.1092,0.1253,0.0923
h,459.1045,0.0106,0.1022,0.0108
BACKSPACE,459.1264,0.0195,0.0526,0.0112
f,459.1773,0.0079,0.1015,0.0078
 ,459.7259,0.0805,0.1466,0.0939
t,459.9581,0.0876,0.1675,0.0835
h,460.7213,0.0944,0.1853,0.1170
e,461.1362,0.0845,0.1156,0.1102
 ,462.0880,0.0933,0.1046,0.0825
h,462.3688,0.0112,0.1004,0.0091
BACKSPACE,462.3948,0.0205,0.0502,0.0119
w,462.4459,0.0114,0.1000,0.0111
o,463.4040,0.0895,0.1056,0.0976
r,463.5112,0.1100,0.1564,0.1147
d,463.5749,0.0839,0.1651,0.1090
s,463.5841,0.0823,0.1304,0.0983
c,463.5951,0.0102,0.0973,0.0100
BACKSPACE,463.6253,0.0209,0.0500,0.0080
",",463.6722,0.0090,0.1018,0.0077
 ,463.8449,0.1069,0.1283,0.1174
a,464.5950,0.0913,0.1556,0.1090
n,464.6053,0.0860,0.1197,0.0818
d,464.6166,0.0888,0.1717,0.1192
q,465.0848,0.0095,0.1002,0.0102
BACKSPACE,465.1158,0.0211,0.0529,0.0072
 ,465.1677,0.0111,0.0992,0.0124
a,465.7903,0.1138,0.1619,0.1145
s,466.8166,0.1117,0.1373,0.0956
 ,466.8262,0.1044,0.1871,0.1116
f,466.8328,0.0894,0.0993,0.1175
o,467.9341,0.1212,0.1818,0.0894
r,468.1608,0.0881,0.1755,0.0977
 ,468.3795,0.1006,0.1299,0.1004
t,468.8227,0.1080,0.1319,0.1189
s,469.1857,0.0074,0.0990,0.0071
BACKSPACE,469.2100,0.0188,0.0502,0.0094
h,469.2594,0.0118,0.1025,0.0114
a,469.2711,0.0102,0.0992,0.0115
BACKSPACE,469.2811,0.0202,0.0511,0.0103
e,469.3311,0.0117,0.0991,0.0094
 ,469.3419,0.0827,0.1223,0.0838
c,469.9647,0.0872,0.1756,0.0810
x,470.2125,0.0108,0.0972,0.0083
BACKSPACE,470.2321,0.0193,0.0505,0.0075
l,470.2799,0.0126,0.0998,0.0099
e,470.5353,0.1195,0.1142,0.0820
v,470.9353,0.0864,0.1257,0.1101
k,471.5790,0.0078,0.0988,0.0071
BACKSPACE,471.5900,0.0179,0.0472,0.0119
e,471.6379,0.0127,0.1015,0.0078
r,471.6496,0.1137,0.1780,0.0914
 ,471.6587,0.1016,0.1717,0.1069
o,471.9083,0.1074,0.1805,0.0848
h,472.3764,0.0084,0.0990,0.0124
BACKSPACE,472.3957,0.0216,0.0516,0.0093
n,472.4460,0.0105,0.1009,0.0124
d,473.0169,0.0102,0.0998,0.0097
BACKSPACE,473.0288,0.0208,0.0489,0.0085
e,473.0817,0.0097,0.0982,0.0095
x,473.0928,0.0089,0.0983,0.0115
BACKSPACE,473.1056,0.0193,0.0487,0.0078
s,473.1564,0.0093,0.0988,0.0077
",",473.1632,0.0978,0.1684,0.1026
 ,473.3243,0.1086,0.1029,0.1039
s,473.6060,0.0809,0.1088,0.0888
BACKSPACE,473.6141,0.0205,0.0521,0.0071
g,473.9108,0.0095,0.1017,0.0119
BACKSPACE,473.9414,0.0211,0.0509,0.0115
u,473.9881,0.0116,0.0975,0.0079
c,474.2748,0.1031,0.1113,0.1188
h,474.6178,0.0950,0.1491,0.0840
 ,475.1622,0.1189,0.1870,0.1127
a,475.5856,0.1131,0.1711,0.1002
j,475.5985,0.0083,0.0989,0.0097
BACKSPACE,475.6198,0.0225,0.0513,0.0114
s,475.6702,0.0077,0.0978,0.0099
 ,475.7791,0.0945,0.1927,0.0956
t,475.9495,0.1142,0.0959,0.1021
h,476.7540,0.0939,0.1677,0.0996
z,477.2314,0.0070,0.0970,0.0122
BACKSPACE,477.2529,0.0215,0.0486,0.0104
e,477.3043,0.0083,0.0971,0.0071
 ,477.4836,0.0834,0.1242,0.1004
p,477.8240,0.1093,0.1520,0.0796
i,477.8357,0.1152,0.1562,0.1103
g,478.2579,0.0991,0.1799,0.1026
s,478.2655,0.1010,0.1555,0.1063
 ,478.2779,0.1025,0.1365,0.0900
a,478.2888,0.1061,0.1892,0.1195
n,478.2940,0.0992,0.1169,0.1212
d,478.3052,0.1047,0.1531,0.0988
 ,478.3175,0.0895,0.1413,0.1015
e,478.4860,0.0101,0.1014,0.0121
BACKSPACE,478.4991,0.0179,0.0471,0.0092
d,478.5477,0.0072,0.0995,0.0120
o,479.0335,0.0845,0.1197,0.1046
g,479.0440,0.1139,0.2001,0.0962
BACKSPACE,479.0541,0.0223,0.0504,0.0121
s,479.0778,0.0868,0.1425,0.0847
",",479.6373,0.1089,0.1553,0.1014
 ,479.7985,0.1132,0.1268,0.0885
r,479.8077,0.0078,0.0990,0.0101
BACKSPACE,479.8337,0.0209,0.0512,0.0072
t,479.8821,0.0098,0.1030,0.0122
h,480.0783,0.0928,0.1166,0.1075
e,480.6469,0.1138,0.1448,0.0803
d,481.2556,0.0108,0.1009,0.0088
BACKSPACE,481.2835,0.0226,0.0481,0.0123
y,481.3326,0.0109,0.0977,0.0110
 ,482.0077,0.1069,0.1648,0.0868
h,482.8518,0.1111,0.1955,0.0875
a,482.8582,0.0936,0.1881,0.0906
d,483.2653,0.1076,0.1259,0.0879
 ,483.7910,0.1184,0.0904,0.1180
t,483.8249,0.1129,0.1166,0.0965
h,483.8370,0.0847,0.1608,0.1096
e,484.1518,0.1033,0.1176,0.1057
 ,484.1636,0.0917,0.1035,0.0898
e,484.5423,0.1015,0.1076,0.1110
n,485.0438,0.0919,0.1784,0.0973
t,485.4679,0.0901,0.1848,0.0903
i,485.4777,0.0830,0.1862,0.0834
r,486.6276,0.1083,0.1772,0.1093
e,486.6350,0.1215,0.0947,0.1157
f,487.1345,0.0100,0.0979,0.0107
BACKSPACE,487.1578,0.0211,0.0505,0.0098
 ,487.2033,0.0107,0.1000,0.0086
b,487.2156,0.0076,0.1014,0.0111
BACKSPACE,487.2425,0.0178,0.0513,0.0092
s,487.2905,0.0125,0.1023,0.0082
o,487.3009,0.0882,0.1651,0.0834
n,488.0699,0.0853,0.1963,0.1226
g,488.1060,0.1057,0.1864,0.1076
 ,488.8781,0.1173,0.1505,0.1099
b,489.3157,0.1175,0.1728,0.0815
y,489.4795,0.0949,0.1237,0.1176
 ,489.4874,0.0935,0.1968,0.0927
h,489.5003,0.0898,0.0941,0.0859
e,490.0815,0.1158,0.1634,0.1107
a,490.5067,0.1015,0.1685,0.0889
r,491.6339,0.0932,0.1884,0.1142
t,492.2183,0.1136,0.1390,0.0895
 ,492.6097,0.0995,0.1060,0.0826
w,492.9012,0.1141,0.1199,0.1179
i,493.2653,0.0809,0.1995,0.1131
t,493.2752,0.0887,0.0969,0.1016
h,493.6226,0.1165,0.1426,0.0886
i,493.6327,0.0890,0.1401,0.0841
n,493.6424,0.0871,0.1839,0.0829
p,494.1282,0.0126,0.1007,0.0123
BACKSPACE,494.1594,0.0217,0.0525,0.0109
 ,494.2119,0.0125,0.1003,0.0084
p,494.6495,0.0080,0.0985,0.0116
BACKSPACE,494.6573,0.0216,0.0490,0.0109
a,494.7083,0.0103,0.1011,0.0115
 ,494.7303,0.1049,0.1708,0.0927
f,495.4976,0.0808,0.1804,0.1111
e,495.5078,0.0942,0.1283,0.0852
w,495.7931,0.1209,0.1384,0.0850
h,495.8061,0.0071,0.0986,0.0115
BACKSPACE,495.8302,0.0188,0.0515,0.0103
 ,495.8831,0.0106,0.0971,0.0130
m,496.7260,0.0961,0.0988,0.0905
h,497.2911,0.0104,0.1022,0.0112
BACKSPACE,497.3087,0.0186,0.0495,0.0121
i,497.3569,0.0125,0.0975,0.0120
h,497.7142,0.0090,0.0987,0.0109
BACKSPACE,497.7482,0.0207,0.0508,0.0090
n,497.7970,0.0124,0.0997,0.0072
u,497.8035,0.1034,0.1710,0.0981
t,497.8151,0.1081,0.1618,0.0861
e,498.0921,0.1166,0.1959,0.0806
s,498.1017,0.1114,0.1461,0.1055
.,498.6047,0.1040,0.1924,0.0976
 ,498.6147,0.1138,0.1608,0.1165
SHIFT_DOWN,499.2238,0.0123,0.0112,0.0175
A,499.2218,0.1195,0.0946,0.1225
SHIFT_UP,499.2430,0.0096,0.0094,0.0074
n,499.2332,0.1143,0.1900,0.0869
d,499.2403,0.0823,0.1113,0.0932
 ,500.0752,0.0917,0.1919,0.1081
i,500.0892,0.0080,0.0987,0.0101
BACKSPACE,500.1005,0.0215,0.0518,0.0089
t,500.1457,0.0120,0.0975,0.0082
h,500.3610,0.1192,0.1975,0.1128
e,500.4948,0.0922,0.1107,0.0846
n,500.5181,0.1110,0.2009,0.0785
a,500.5280,0.0070,0.0971,0.0113
BACKSPACE,500.5518,0.0212,0.0524,0.0121
",",500.6037,0.0115,0.1017,0.0097
 ,500.6086,0.0982,0.1710,0.1048
a,500.8555,0.0909,0.1171,0.1018
f,500.8655,0.1049,0.1548,0.0905
t,500.8786,0.0793,0.1557,0.1101
e,501.2783,0.1090,0.1804,0.1043
r,501.5587,0.1084,0.1562,0.1073
 ,501.5661,0.0950,0.1134,0.0810
a,501.9184,0.0876,0.1237,0.0848
 ,502.2535,0.1169,0.1556,0.1090
f,502.8733,0.1068,0.1847,0.0984
e,503.6936,0.1076,0.1066,0.0931
w,504.1162,0.0948,0.1033,0.1176
 ,504.1265,0.1009,0.1182,0.0899
p,504.3421,0.0829,0.1831,0.1155
r,504.3476,0.0938,0.1526,0.1004
e,504.6833,0.0925,0.1648,0.1061
l,505.4834,0.1176,0.1147,0.0822
i,506.2879,0.1069,0.1531,0.1143
m,507.3871,0.0997,0.1882,0.1073
d,507.4000,0.0082,0.0994,0.0074
BACKSPACE,507.4114,0.0183,0.0472,0.0089
i,507.4631,0.0089,0.1003,0.0102
n,508.5623,0.1082,0.1907,0.0891
i,509.3596,0.0116,0.0988,0.0127
BACKSPACE,509.3897,0.0189,0.0487,0.0100
a,509.4395,0.0125,0.0984,0.0094
r,509.4485,0.0902,0.1293,0.0905
y,509.5941,0.0791,0.1147,0.1016
 ,509.6038,0.0788,0.1503,0.1013
e,509.6140,0.0108,0.1021,0.0114
BACKSPACE,509.6297,0.0182,0.0476,0.0081
t,509.6803,0.0108,0.0971,0.0078
r,509.6867,0.0947,0.1582,0.1008
i,509.7018,0.1036,0.1973,0.0871
e,510.2398,0.0818,0.1166,0.1182
s,510.6432,0.0828,0.1815,0.1179
",",510.6510,0.1130,0.1434,0.0908
 ,510.7068,0.0918,0.1674,0.0952
t,511.2011,0.1186,0.0975,0.1135
h,511.2351,0.0842,0.1528,0.0923
e,511.4009,0.1018,0.1862,0.0860
 ,511.4131,0.1184,0.1718,0.0914
w,511.9422,0.0879,0.1185,0.1132
h,512.2679,0.0998,0.1123,0.0872
o,513.3702,0.1114,0.1390,0.1194
l,513.8056,0.1073,0.1007,0.1135
e,513.9334,0.0870,0.1887,0.1107
 ,514.4401,0.1092,0.1406,0.1132
f,514.8711,0.1071,0.1158,0.1212
a,514.8832,0.1120,0.1943,0.0849
r,515.0706,0.0898,0.1242,0.1061
m,515.8295,0.0917,0.1543,0.0848
 ,516.2452,0.0887,0.1677,0.1151
b,517.0822,0.0985,0.1370,0.1017
u,517.6459,0.1161,0.1949,0.0906
r,518.1280,0.1150,0.1231,0.0881
s,518.2015,0.1079,0.1004,0.1029
t,518.2923,0.1106,0.1814,0.1144
 ,518.3628,0.0837,0.1125,0.1057
o,518.6084,0.0977,0.1199,0.1019
u,519.8048,0.0850,0.0953,0.0970
t,520.5034,0.1034,0.1003,0.1088
 ,520.5132,0.1073,0.1311,0.1193
i,520.5235,0.0838,0.0908,0.1036
n,520.5337,0.1079,0.1796,0.0939
BACKSPACE,520.5443,0.0195,0.0475,0.0104
t,521.1297,0.1125,0.1831,0.1147
o,521.8142,0.0952,0.1585,0.0972
 ,521.9286,0.0838,0.1303,0.0805
',522.4016,0.0807,0.1935,0.0944
SHIFT_DOWN,523.1260,0.0128,0.0090,0.0209
B,523.1304,0.0982,0.1723,0.0872
SHIFT_UP,523.1494,0.0106,0.0088,0.0082
e,523.5844,0.1154,0.1561,0.1092
e,523.5937,0.0082,0.1010,0.0092
BACKSPACE,523.6217,0.0209,0.0504,0.0112
a,523.6686,0.0128,0.0999,0.0075
i,523.8356,0.0095,0.0976,0.0088
BACKSPACE,523.8518,0.0212,0.0514,0.0107
s,523.9029,0.0125,0.0985,0.0090
t,523.9139,0.0952,0.1067,0.1205
s,523.9254,0.0920,0.1257,0.1115
 ,524.7472,0.1126,0.1030,0.0818
o,524.7573,0.0925,0.1905,0.1036
f,524.7675,0.1197,0.1682,0.1023
 ,524.8532,0.1174,0.1926,0.1156
SHIFT_DOWN,525.2690,0.0115,0.0124,0.0171
E,525.2724,0.0784,0.1798,0.1128
SHIFT_UP,525.2867,0.0121,0.0115,0.0089
n,525.4336,0.0995,0.1441,0.0916
g,525.4410,0.0842,0.1445,0.0907
l,525.7086,0.1029,0.1422,0.1079
a,525.7475,0.0987,0.1324,0.0924
n,525.7578,0.1080,0.1024,0.1140
d,526.9728,0.0901,0.0939,0.0785
',527.7449,0.1164,0.1592,0.1192
 ,527.7515,0.1062,0.1975,0.0973
y,529.0946,0.0123,0.1003,0.0105
BACKSPACE,529.1186,0.0191,0.0499,0.0082
i,529.1724,0.0121,0.1008,0.0106
BACKSPACE,529.1816,0.0216,0.0494,0.0085
n,529.2265,0.1042,0.1726,0.1111
 ,529.7390,0.1141,0.2013,0.0949
n,529.9371,0.0121,0.0976,0.0111
BACKSPACE,529.9630,0.0194,0.0529,0.0078
t,530.0174,0.0078,0.0990,0.0072
r,530.0264,0.1156,0.1582,0.0973
e,530.0325,0.0825,0.1119,0.0920
m,530.4667,0.1048,0.0993,0.0878
e,531.2159,0.1108,0.1285,0.0864
n,531.9706,0.0868,0.0964,0.0843
d,532.9382,0.1051,0.1826,0.0794
o,533.1006,0.1169,0.1787,0.0804
u,533.1118,0.0926,0.1335,0.1207
s,533.1191,0.0899,0.1185,0.1172
p,533.1323,0.0070,0.1012,0.0099
BACKSPACE,533.1597,0.0191,0.0503,0.0072
 ,533.2098,0.0129,0.0985,0.0116
u,533.3368,0.1042,0.1513,0.0942
x,534.3893,0.0073,0.1003,0.0104
BACKSPACE,534.4100,0.0204,0.0510,0.0070
n,534.4615,0.0112,0.1006,0.0106
i,534.4683,0.1098,0.1199,0.1172
x,534.4775,0.0071,0.0982,0.0086
BACKSPACE,534.4938,0.0222,0.0471,0.0112
s,534.5425,0.0108,0.0996,0.0112
o,535.4036,0.0984,0.1333,0.0821
n,536.1090,0.1085,0.1418,0.1049
v,537.3115,0.0128,0.0988,0.0100
BACKSPACE,537.3347,0.0171,0.0519,0.0080
.,537.3849,0.0116,0.1026,0.0087
l,537.4624,0.0129,0.0978,0.0115
BACKSPACE,537.4817,0.0186,0.0496,0.0093
 ,537.5331,0.0127,0.1027,0.0119
SHIFT_DOWN,537.9447,0.0082,0.0104,0.0179
T,537.9454,0.1039,0.1743,0.1161
SHIFT_UP,537.9648,0.0104,0.0076,0.0089
i,538.0687,0.0083,0.1012,0.0097
BACKSPACE,538.0795,0.0192,0.0496,0.0089
h,538.1262,0.0103,0.1013,0.0107
e,538.9099,0.0895,0.1316,0.0962
 ,539.1325,0.1165,0.1666,0.1072
c,539.6380,0.0950,0.0998,0.1173
o,540.4447,0.1000,0.1712,0.0882
w,541.1321,0.1111,0.1212,0.1004
s,541.1433,0.1013,0.1792,0.1202
 ,541.5321,0.1115,0.1293,0.1018
l,541.5394,0.0885,0.1748,0.0931
o,542.0591,0.1208,0.1703,0.1069
w,542.0660,0.1204,0.1617,0.1095
f,542.0775,0.0119,0.0994,0.0075
BACKSPACE,542.0928,0.0216,0.0475,0.0110
e,542.1418,0.0100,0.1027,0.0101
v,542.5144,0.0110,0.0994,0.0076
BACKSPACE,542.5431,0.0219,0.0516,0.0109
d,542.5925,0.0126,0.0979,0.0071
 ,542.8261,0.0791,0.1725,0.1012
m,543.6316,0.0124,0.1030,0.0079
BACKSPACE,543.6451,0.0186,0.0502,0.0072
i,543.6943,0.0076,0.1000,0.0089
v,543.8114,0.0087,0.1020,0.0073
BACKSPACE,543.8261,0.0227,0.0513,0.0126
t,543.8732,0.0120,0.1024,0.0077
",",545.0621,0.0957,0.1606,0.0954
 ,545.6021,0.1197,0.0940,0.1133
t,545.6142,0.1181,0.1808,0.0957
h,545.8011,0.0838,0.1525,0.1100
e,545.9183,0.0782,0.0994,0.1176
 ,546.8405,0.0838,0.1498,0.1037
d,546.8481,0.0937,0.1889,0.1048
o,547.1029,0.0840,0.1409,0.0881
g,548.8379,0.1008,0.1642,0.0943
s,548.9663,0.1143,0.1290,0.1132
 ,548.9768,0.0877,0.1583,0.1085
w,549.3706,0.0790,0.1878,0.0855
h,549.3790,0.1081,0.1288,0.1096
i,550.1136,0.1069,0.0932,0.0882
n,550.4246,0.1054,0.1625,0.0897
e,551.3743,0.0951,0.1494,0.1167
d,552.7888,0.1033,0.1010,0.0895
 ,552.8343,0.1070,0.1569,0.0982
i,554.0625,0.0804,0.1969,0.1045
t,554.0750,0.0870,0.1892,0.1050
",",554.4296,0.1163,0.1807,0.0966
 ,555.1638,0.1140,0.1005,0.1129
t,555.1710,0.1178,0.0939,0.1080
h,555.1836,0.1199,0.1408,0.0905
p,555.5051,0.0118,0.0981,0.0090
BACKSPACE,555.5164,0.0229,0.0471,0.0108
e,555.5616,0.0082,0.0981,0.0109
 ,556.2966,0.1077,0.1824,0.0868
s,557.5124,0.0986,0.1695,0.0961
h,557.5695,0.0968,0.1227,0.0943
j,557.5792,0.0111,0.0994,0.0121
BACKSPACE,557.6038,0.0203,0.0509,0.0106
e,557.6533,0.0097,0.1002,0.0108
e,557.6645,0.0988,0.0995,0.1078
p,557.6766,0.0913,0.1811,0.1164
 ,558.2982,0.0981,0.0956,0.0999
b,558.7177,0.0835,0.1363,0.1040
l,558.7278,0.0975,0.1788,0.0981
e,558.7340,0.1050,0.1448,0.1145
a,558.9380,0.0886,0.1513,0.1125
t,558.9523,0.0973,0.1923,0.1157
e,559.4420,0.0869,0.1582,0.1075
d,560.6061,0.0959,0.1526,0.1001
 ,560.6117,0.0849,0.1535,0.0928
i,560.8275,0.1073,0.1345,0.1069
t,561.3402,0.0925,0.1218,0.1107
g,561.3490,0.0094,0.1005,0.0073
BACKSPACE,561.3589,0.0206,0.0494,0.0116
",",561.4110,0.0089,0.0997,0.0075
 ,561.9282,0.1065,0.1614,0.0863
t,562.2738,0.1200,0.0935,0.0974
h,562.4146,0.1022,0.1107,0.0786
e,562.9042,0.1177,0.1521,0.1031
 ,563.0424,0.1016,0.1609,0.1170
h,563.6172,0.1183,0.1031,0.1045
o,564.4738,0.0829,0.1290,0.1071
r,564.4848,0.1064,0.1610,0.1007
d,564.7425,0.0107,0.0986,0.0074
BACKSPACE,564.7688,0.0177,0.0513,0.0083
s,564.8184,0.0113,0.0984,0.0114
e,564.8300,0.1049,0.1161,0.0840
s,564.8388,0.1006,0.0905,0.1174
 ,565.1085,0.0961,0.1595,0.0868
w,566.1861,0.0848,0.1735,0.0847
h,566.4696,0.1150,0.1914,0.1194
i,566.7530,0.0884,0.1950,0.0863
n,566.7621,0.0945,0.1245,0.1045
n,566.9408,0.0989,0.1556,0.1093
i,567.5986,0.1107,0.1520,0.0957
j,567.6099,0.0073,0.0973,0.0075
BACKSPACE,567.6291,0.0188,0.0503,0.0115
e,567.6744,0.0077,0.0998,0.0122
d,567.6861,0.0814,0.1336,0.0974
 ,567.7145,0.0869,0.1067,0.1090
i,568.1154,0.0871,0.1195,0.1073
t,568.7571,0.0864,0.1090,0.0870
",",568.9599,0.1097,0.1082,0.0954
 ,568.9710,0.1171,0.1553,0.1092
t,569.7327,0.0939,0.1219,0.1072
h,569.7545,0.0891,0.1213,0.1039
e,570.2608,0.0979,0.1280,0.0853
e,570.2758,0.0112,0.0971,0.0127
BACKSPACE,570.2995,0.0194,0.0501,0.0078
 ,570.3472,0.0089,0.0992,0.0073
d,570.3574,0.0868,0.1815,0.0902
u,570.3712,0.0938,0.1782,0.0798
c,570.3780,0.1148,0.1634,0.0905
k,571.5101,0.0914,0.1957,0.0946
s,571.5158,0.0934,0.0957,0.0874
 ,571.6329,0.0943,0.1066,0.0955
q,572.4362,0.0779,0.1159,0.1201
w,572.6901,0.0125,0.0999,0.0092
BACKSPACE,572.7214,0.0188,0.0484,0.0094
u,572.7732,0.0104,0.0980,0.0116
a,572.7810,0.0989,0.0899,0.1177
c,573.2392,0.1148,0.1888,0.1145
r,573.8781,0.0106,0.0981,0.0127
BACKSPACE,573.8896,0.0199,0.0482,0.0116
k,573.9393,0.0108,0.1015,0.0117
e,574.6080,0.1041,0.1667,0.0789
j,574.7518,0.0110,0.1015,0.0072
BACKSPACE,574.7753,0.0191,0.0495,0.0111
d,574.8292,0.0110,0.1011,0.0104
 ,574.8396,0.1144,0.1341,0.0986
i,575.3453,0.1105,0.1713,0.0850
t,576.0036,0.0914,0.1195,0.1001
.,576.0173,0.0942,0.1250,0.1095
 ,576.0266,0.0885,0.1256,0.0966
SHIFT_DOWN,577.0357,0.0106,0.0127,0.0187
i,577.0354,0.0075,0.1021,0.0072
BACKSPACE,577.0595,0.0219,0.0476,0.0086
T,577.1140,0.0099,0.0980,0.0115
SHIFT_UP,577.1343,0.0105,0.0124,0.0071
h,577.1220,0.1081,0.1958,0.0963
e,577.9539,0.0857,0.1376,0.0987
y,578.3983,0.0790,0.1012,0.1081
 ,578.9440,0.1170,0.1029,0.1138
w,579.9546,0.1111,0.1902,0.1026
p,580.4613,0.0105,0.0972,0.0113
BACKSPACE,580.4854,0.0178,0.0530,0.0101
e,580.5346,0.0122,0.0971,0.0099
r,581.1582,0.0906,0.1283,0.1034
e,581.3401,0.1068,0.1166,0.0873
 ,581.3493,0.0915,0.1634,0.1066
s,581.9578,0.1048,0.1377,0.0969
o,581.9675,0.1075,0.1560,0.1040
l,583.1433,0.0128,0.1029,0.0114
BACKSPACE,583.1688,0.0212,0.0518,0.0093
 ,583.2189,0.0128,0.1027,0.0097
d,583.2261,0.0914,0.1371,0.0992
e,583.4575,0.0971,0.1705,0.1012
b,583.4710,0.0075,0.1019,0.0071
BACKSPACE,583.4830,0.0201,0.0526,0.0091
l,583.5319,0.0079,0.1002,0.0084
i,583.5558,0.0949,0.1301,0.1024
g,583.5666,0.0863,0.1595,0.1173
h,583.7018,0.0890,0.1966,0.0825
h,583.7114,0.0125,0.1013,0.0117
BACKSPACE,583.7414,0.0180,0.0517,0.0108
t,583.7887,0.0108,0.1018,0.0105
e,583.9983,0.1160,0.1305,0.1065
d,584.1679,0.0977,0.1387,0.0810
 ,584.5455,0.1037,0.0978,0.0983
w,585.2369,0.1012,0.1547,0.0796
i,585.8362,0.1083,0.1723,0.0921
t,586.1433,0.1059,0.0950,0.1053
h,586.3251,0.0953,0.1255,0.1125
 ,586.3367,0.0865,0.1481,0.0787
t,586.3448,0.1103,0.1085,0.0863
h,586.3548,0.0928,0.1640,0.0931
i,586.3652,0.0086,0.0975,0.0079
BACKSPACE,586.3839,0.0189,0.0504,0.0104
e,586.4316,0.0088,0.0981,0.0108
 ,586.8151,0.1169,0.1165,0.0921
s,586.8267,0.0995,0.1820,0.0814
o,587.5459,0.1042,0.1187,0.1041
n,587.6442,0.1060,0.0942,0.1100
g,588.0912,0.0908,0.1957,0.1150
 ,588.1020,0.1047,0.1184,0.0996
t,588.5888,0.0888,0.1986,0.0995
h,588.6454,0.0823,0.1964,0.1163
a,589.1202,0.1000,0.1948,0.1166
t,589.1316,0.0978,0.1866,0.1158
 ,589.7750,0.1197,0.1351,0.0964
t,590.2528,0.0949,0.1750,0.1142
x,591.2478,0.0087,0.1013,0.0125
BACKSPACE,591.2604,0.0226,0.0500,0.0085
e,591.3105,0.0093,0.0985,0.0085
y,592.7437,0.1040,0.1170,0.0887
 ,593.5068,0.0875,0.1701,0.1169
s,593.8020,0.1086,0.1489,0.1208
a,595.1735,0.1157,0.1054,0.1184
n,595.1801,0.0939,0.1432,0.0987
g,595.4198,0.0869,0.1882,0.1128
 ,595.8938,0.0937,0.1414,0.0869
i,595.9543,0.1162,0.1073,0.0881
t,595.9647,0.1127,0.1602,0.0869
 ,595.9757,0.1124,0.1245,0.0895
u,596.4348,0.0085,0.0985,0.0129
BACKSPACE,596.4597,0.0221,0.0485,0.0092
r,596.5111,0.0087,0.1008,0.0113
e,596.5217,0.0115,0.1011,0.0081
BACKSPACE,596.5357,0.0170,0.0481,0.0091
i,596.5810,0.0095,0.0996,0.0080
g,596.7377,0.0806,0.1008,0.1103
h,596.7470,0.1060,0.1328,0.0876
t,596.7577,0.1169,0.1740,0.0826
w,597.9092,0.0111,0.0994,0.0093
BACKSPACE,597.9289,0.0189,0.0472,0.0125
 ,597.9764,0.0073,0.0977,0.0090
t,598.1911,0.0950,0.1105,0.0868
h,598.5326,0.0840,0.1464,0.0943
r,598.5444,0.1026,0.1642,0.0803
o,598.5528,0.1112,0.1009,0.1128
u,598.6575,0.1157,0.1382,0.1019
g,598.6669,0.0856,0.1652,0.0825
j,598.6792,0.0108,0.0973,0.0102
BACKSPACE,598.6922,0.0224,0.0473,0.0082
h,598.7426,0.0120,0.1002,0.0110
 ,598.7531,0.1182,0.1551,0.1096
f,599.7171,0.1002,0.1887,0.0927
i,599.7299,0.0918,0.1837,0.1030
v,599.8771,0.1138,0.1815,0.0910
e,600.3497,0.1054,0.1477,0.0932
 ,600.8629,0.0845,0.1461,0.0846
t,601.4011,0.1104,0.1776,0.0958
i,601.4099,0.0913,0.1072,0.0859
m,601.5920,0.1131,0.1704,0.0850
e,602.1573,0.0848,0.1215,0.1108
s,602.3895,0.1004,0.1360,0.0912
 ,602.3964,0.0947,0.1283,0.0810
i,602.4106,0.0952,0.1523,0.0877
n,603.4905,0.1033,0.1642,0.1039
x,604.0055,0.0092,0.1014,0.0119
BACKSPACE,604.0155,0.0182,0.0486,0.0072
 ,604.0640,0.0094,0.1021,0.0083
s,604.7032,0.1053,0.1048,0.1045
u,605.1460,0.1172,0.1025,0.1184
c,605.4988,0.0896,0.1639,0.1151
c,605.5060,0.1060,0.1916,0.0997
e,605.7852,0.1147,0.1414,0.1065
s,605.7981,0.0878,0.0940,0.1066
s,606.3364,0.1091,0.1010,0.0959
i,606.4493,0.0962,0.1955,0.0836
o,606.5221,0.0797,0.1343,0.0993
n,606.5366,0.1042,0.1870,0.0846
",",606.8342,0.1067,0.1764,0.1153
 ,608.5341,0.1207,0.1092,0.1111
a,608.7025,0.1002,0.1822,0.0795
n,609.0062,0.0973,0.1785,0.0983
d,609.0160,0.0980,0.1542,0.0977
 ,609.0310,0.1048,0.1036,0.0983
m,609.1768,0.1178,0.1507,0.1018
i,609.2871,0.1160,0.1284,0.0909
g,609.2966,0.1146,0.0941,0.0910
h,609.3075,0.1064,0.1777,0.0864
t,609.3148,0.1130,0.1291,0.0852
 ,609.5619,0.0993,0.1549,0.0852
h,609.5765,0.1002,0.1204,0.0848
a,609.6336,0.1161,0.1593,0.0826
BACKSPACE,609.6437,0.0212,0.0503,0.0108
v,610.7350,0.0922,0.1281,0.1015
b,610.7473,0.0108,0.0993,0.0106
BACKSPACE,610.7691,0.0204,0.0497,0.0073
e,610.8206,0.0099,0.1023,0.0086
 ,611.1838,0.0913,0.1014,0.0936
c,611.1952,0.1021,0.1404,0.0890
o,612.0415,0.1000,0.1273,0.1014
n,612.0694,0.1056,0.1342,0.1045
t,612.6859,0.0807,0.0906,0.0876
i,612.8922,0.1170,0.1562,0.1183
j,613.7162,0.0113,0.0984,0.0084
BACKSPACE,613.7303,0.0172,0.0507,0.0106
n,613.7802,0.0096,0.0990,0.0126
v,613.9566,0.0093,0.0974,0.0086
BACKSPACE,613.9651,0.0227,0.0501,0.0072
u,614.0140,0.0076,0.0973,0.0085
e,614.0222,0.1147,0.1594,0.0976
d,614.1198,0.1043,0.0976,0.1035
 ,614.3100,0.0853,0.1600,0.0932
s,615.2890,0.1151,0.1203,0.1035
i,615.7035,0.1110,0.1731,0.1110
n,615.7090,0.0965,0.1954,0.0985
g,616.5164,0.0829,0.1451,0.0896
i,616.5321,0.0877,0.1429,0.1138
n,616.5383,0.0964,0.1032,0.1155
g,616.9290,0.0786,0.1759,0.0962
 ,617.7559,0.0980,0.1546,0.0991
i,618.0806,0.1182,0.1860,0.1121
t,618.5645,0.1044,0.1949,0.0873
 ,618.5758,0.1104,0.1125,0.0797
a,618.5817,0.0996,0.1136,0.1094
p,618.5924,0.0099,0.0996,0.0096
BACKSPACE,618.6093,0.0211,0.0517,0.0124
l,618.6625,0.0092,0.1003,0.0128
l,618.7478,0.1072,0.1796,0.1107
c,619.2342,0.0120,0.1007,0.0079
BACKSPACE,619.2442,0.0193,0.0507,0.0107
 ,619.2929,0.0075,0.0977,0.0106
n,620.0924,0.0903,0.1443,0.1150
l,620.0992,0.0074,0.1012,0.0072
BACKSPACE,620.1254,0.0175,0.0479,0.0113
i,620.1738,0.0120,0.1000,0.0072
g,620.1837,0.1188,0.1839,0.1128
h,621.6090,0.0811,0.1317,0.1103
t,621.6182,0.0935,0.1308,0.1195
i,621.7714,0.0079,0.1029,0.0096
BACKSPACE,621.7899,0.0179,0.0483,0.0112
 ,621.8409,0.0095,0.1030,0.0089
i,621.8555,0.1192,0.1588,0.1011
f,621.8767,0.1053,0.1164,0.1128
q,622.0608,0.0106,0.0989,0.0106
BACKSPACE,622.0857,0.0199,0.0512,0.0098
 ,622.1350,0.0077,0.1023,0.0111
t,622.4650,0.1078,0.1537,0.1055
h,623.0681,0.1015,0.1598,0.1110
e,623.0790,0.1182,0.0940,0.0915
y,623.0878,0.1156,0.0947,0.0817
 ,623.3922,0.0847,0.1068,0.1041
h,623.6501,0.0877,0.1366,0.1144
a,623.8338,0.1152,0.1951,0.0807
d,624.5101,0.0982,0.1368,0.1163
 ,624.8498,0.1046,0.1083,0.1050
x,624.8604,0.0094,0.1007,0.0107
BACKSPACE,624.8684,0.0174,0.0524,0.0111
n,624.9236,0.0113,0.0971,0.0093
s,625.0246,0.0072,0.1019,0.0110
BACKSPACE,625.0469,0.0206,0.0528,0.0113
o,625.0979,0.0073,0.0997,0.0080
t,626.5759,0.1059,0.1616,0.0809
y,627.6585,0.0129,0.0997,0.0091
BACKSPACE,627.6729,0.0192,0.0494,0.0107
 ,627.7235,0.0113,0.1011,0.0115
b,627.7358,0.0899,0.1384,0.1016
a,627.7473,0.0104,0.1020,0.0102
BACKSPACE,627.7601,0.0200,0.0515,0.0128
e,627.8077,0.0126,0.1001,0.0098
e,627.8169,0.0962,0.1715,0.0907
n,627.8243,0.1105,0.1712,0.1158
 ,628.7966,0.1069,0.1086,0.1194
i,628.9543,0.1115,0.1773,0.1104
n,629.1820,0.0859,0.1254,0.0949
t,629.1876,0.1164,0.1530,0.1123
e,629.1966,0.0896,0.1329,0.1023
r,629.6931,0.1128,0.1867,0.0894
r,629.7036,0.1121,0.1386,0.0923
c,629.7172,0.0088,0.1011,0.0099
BACKSPACE,629.7417,0.0201,0.0505,0.0109
u,629.7945,0.0076,0.1007,0.0104
p,630.1964,0.0863,0.1195,0.1004
t,630.3538,0.1219,0.0993,0.1167
e,630.3658,0.0980,0.0994,0.0810
d,631.3251,0.1128,0.1926,0.0834
.,631.3355,0.1106,0.1304,0.1147
